x1,x2,x3,x4,x5,x6,y
0.0008702557233836727,-0.9481170286005985,-1.0,-0.8325496396470152,0.023252162172008095,0.49128043429405877,-3.653045310298763
-0.591041240731609,-1.0,-1.0,-1.0,-0.5321343788018329,-1.0,4.032742679661917
-0.4127733011728001,0.2423234586563473,-0.948001993748573,-0.1332013209258035,1.0,0.22844682098996955,1.0075712658669107
0.6612785575697187,0.9724211273545262,0.6778427980136275,1.0,1.0,-0.15925848489913516,-3.5971053165491687
-1.0,-0.23181351518856885,0.8339065791690357,-0.547065736762185,1.0,-0.3540909846032671,1.8989507881673453
1.0,1.0,1.0,0.6620819567199336,0.1158033298544005,-0.6636540630897843,-0.7054221449843393
0.6427315722645768,0.5029565434741468,-1.0,0.06226501685283453,-0.30169039288264304,-0.8253358915687679,1.6090584881248287
-1.0,-0.23645865295135438,-1.0,-0.39784359840787353,-0.3950274335950069,0.2763972687607655,-1.6963117406328971
-1.0,-0.008528792786482775,-0.9495100142320952,-0.4243598904329611,-1.0,-0.11608334175565321,-3.703438892533006
-0.37689529139617095,-1.0,0.5263093127603399,-0.5334208960735551,-0.4867021726849237,1.0,0.46551948302485985
-1.0,0.5776985000357492,-0.7620938486116573,-0.41613853192762196,-0.5730292255295989,0.4778747210133739,0.06450622313120224
-0.9489545553684793,-1.0,-0.4948388116104514,-0.4029439791419378,0.37327221580776726,0.49085227140373044,-1.330864705142824
-0.06604715331939226,1.0,1.0,0.9642561374621191,-0.44364637441979204,0.23057721112342178,-3.0835103526019
-0.672747187151409,-0.49316703985328614,-0.6441258649159922,-1.0,-0.4826608762526572,-0.13745085097851195,-0.9389250249125087
0.06083443998052285,0.22158121552555254,0.429266643701154,0.5591027107646759,-1.0,0.31635814598103446,0.14164641608514733
-1.0,-0.9149331781644312,-0.5079313029993691,-1.0,-1.0,-0.9596106875302964,4.309366304416242
0.47229092247754667,-1.0,1.0,0.7491041314632372,-1.0,0.16462275100201929,4.990210021025248
0.8296119822583687,0.9889157346835766,0.9923027430177336,-0.5562334458554132,0.5790686422913518,0.597080434460421,-3.124895480961734
-0.5388002507273806,-0.43806417187608765,-1.0,-0.4457561056761872,0.8895431894390878,0.49469256866190525,1.6933392233648243
-1.0,-0.7852819393297623,0.2881915910756425,0.08805727343837444,1.0,1.0,5.3541912962154985
1.0,-0.7553873737289759,-1.0,-0.9633126511097708,-0.06628505018316741,-0.5850240372807307,1.6690630626700735
-0.14201224475324192,-1.0,-1.0,-0.36254509339969254,-1.0,-0.3121818567705841,-2.2255562097185706
1.0,1.0,0.6111123070170426,0.07748372925577807,1.0,1.0,-2.0282185243852813
-0.8365253093635492,-0.33260942096904356,0.19476490732769025,-1.0,-0.561694398699489,-1.0,2.4376878306573717
-1.0,-0.5525838792451898,-0.9483022527569188,0.21701169924534314,-0.7156684007224573,1.0,3.444066689174128
-1.0,-0.9400739529804641,-1.0,-0.8041174438697789,-0.02450519659093675,0.9734102874526998,-0.1467360043504169
0.7201104578405697,-0.06804817631943877,-0.07464414637755601,-0.38345894632928124,1.0,0.8086961307151599,-1.1448696149933537
-0.4347707261162247,0.6742779607264601,0.6234568856879964,1.0,0.09113170665302361,-0.6576881675857262,0.8261322405744984
-1.0,1.0,-1.0,-0.7699633406752763,0.7816566422573659,1.0,15.001428594284711
-0.3407604770748247,-0.8006979365047585,-1.0,-1.0,-0.6718416666158118,0.7725260833971245,1.480488351146115
-0.024919133421435202,-0.2922191649766602,1.0,0.49374433952638097,1.0,0.7822107055597728,-1.5217629779554818
1.0,0.13883368300832233,-0.6399174549716684,0.4463124539078023,-0.705181062174466,-0.8523875589259501,5.2890638023274406
-0.3129229319266112,-1.0,-0.5099422397847373,-0.30378996948993786,-1.0,-0.9604296347588483,1.4189494336684876
0.41366526320913755,0.5767993264296651,1.0,-0.39088329208302186,1.0,-1.0,-1.2373884825366686
1.0,0.5961718111533578,-0.7959081023679293,0.8877667876489459,-0.7437227958152361,0.9431338601111994,6.783960362216108
1.0,1.0,1.0,0.12081920284811143,-0.35089834429819766,-1.0,1.4725547755881268
-0.8611552483496234,1.0,1.0,0.7611584321955811,0.47444807136613104,-0.9864962892342145,-1.336415910129501
0.052595347366267475,-0.24572032434148658,-0.33610908056373634,-1.0,-0.6511146880558973,-1.0,3.217102342377152
1.0,0.7316117703024945,-0.34792588119357615,-0.0742271648867211,-0.571516189762765,0.7854000134025273,5.041786496022957
-0.5802094027204336,-0.30911424180053637,-1.0,-0.8223329891452863,-1.0,-1.0,2.0720404353077333
1.0,-0.5078074489488353,-0.6291243369240345,0.9775484752115289,-0.3631724051042149,-0.03243674131068097,1.2579207347839685
0.9958781350066006,0.11326453178490192,1.0,0.26752704013395356,-0.5210595711759208,-0.161408691731034,3.797102852046705
0.2888599864491779,0.7265456321002592,0.5888809145540448,0.9439141383455787,-0.5672123981572795,-0.8931061750079207,3.140469738425475
-1.0,0.09533462529889414,-0.2063388419152825,-0.3515560726376129,-1.0,-1.0,-1.50100244036016
0.008217316387581164,1.0,1.0,1.0,0.4195840033146808,0.9584055135231606,-7.062757299755841
-1.0,0.7492311389909126,0.8577517298201721,-1.0,-1.0,-0.9148750132371708,-4.288647266030227
-1.0,-0.23017707114674968,-1.0,-1.0,-0.44470366990096255,0.3494457145140992,-1.433271678437666
-0.9041140714566388,-1.0,-1.0,-0.8666558554310295,-0.7719651264130156,0.7210279227290769,-2.282775264180623
0.1012201240899877,1.0,0.08941288035611872,0.7725574437811944,-0.9726525541521507,-0.7660980880390655,3.354219201553344
-0.10140667899551348,-0.4277649020940053,-1.0,-0.7577643233410987,-1.0,1.0,7.683356832635141
-0.5831208528349064,-1.0,-0.9506094466718159,-1.0,-0.1269184466443758,-1.0,3.509801350465077
-0.5087960594234021,0.5009765008316582,-0.929049807007899,-0.6001438447438499,0.19228733453932434,-1.0,3.4966892454424103
-0.37812565172878654,-0.6944928402322241,-0.8218556004013611,-1.0,0.5485226587353629,0.1824197879258218,-1.6922794227618727
0.17913667403625633,0.5001439092360968,1.0,-0.7805914574596403,1.0,0.6934853375077902,-0.5733036590053955
0.9669981517248722,0.5923819646705812,1.0,0.4080254667524723,1.0,1.0,-4.617336237587773
-0.0437330902066243,-1.0,-1.0,-0.8238479554318174,1.0,0.12752644093066925,-4.965148787529974
0.6454519270653362,0.5004276108223447,1.0,1.0,0.7760602101007655,1.0,-4.906576518279382
0.10110697444758376,0.879272401885714,-1.0,0.12359208937835725,-1.0,0.4485168478062969,3.8089334731605935
-0.794402289012394,-1.0,0.5987137360999797,-0.4173724523910063,1.0,0.42112973743712856,3.082233139986041
0.8277746102962102,0.06375988433576366,0.07465901580324463,1.0,1.0,0.633410283140958,-0.2685985331904095
-0.7994604696469335,0.7675357254798316,-0.18782896607352367,-1.0,-0.6948360102925317,1.0,5.190530382629969
1.0,1.0,0.6875968164118633,0.10267370164442169,0.5655277219830344,-0.6959185088620026,-1.9417150642739154
0.777173929872605,0.6254234366401556,0.9751547074477168,0.570807616119553,-0.5528084714456682,-0.0822210052760875,1.5822451002178832
-0.8151557620924266,-1.0,0.2075991273894268,-1.0,-0.14160248488151583,-1.0,6.670714055988473
-1.0,-0.010085889369432666,-0.20671976588418217,-0.23563199212457442,-0.11209209504183759,0.24399978782212126,-0.8872055047114524
1.0,-0.4917655374227785,0.8461586564009509,-0.6984560300365511,-1.0,-0.2639828861096174,7.036970151345111
0.05561471514965352,-1.0,-0.12694528015967177,-0.675251080164287,-0.4136420499737621,0.1896904789097128,0.8515890264573875
1.0,0.20635791589983055,0.9421937808595986,0.09866369407028297,0.794863603890777,0.7297576379659745,-4.208351878319153
-0.18936546681450622,1.0,-1.0,-0.9690254845475046,1.0,-0.5689015784033555,2.5294751290734037
-0.9603179962888451,-0.7646867838074496,-0.3473611172307567,-0.5490989078709136,-0.7099245217452544,-0.09403866254930934,-1.08713045085955
0.7722091352291363,-0.8488579436046279,1.0,0.44236426167005416,1.0,1.0,-4.093116066533803
-0.5678023330623537,0.14617663324881236,0.11942424460860691,-1.0,0.24186692898968615,0.24276700233704052,0.9347215063295988
-1.0,-1.0,-1.0,-0.3908226549371004,1.0,0.8346407370154179,-0.4464502739646242
0.6857668196101894,-0.450979659712445,1.0,0.5462430853453722,-0.3854436803291681,1.0,-2.370633966663932
-0.41499783768497717,-0.8189437551511907,0.05069223837176984,0.5104626765787605,-1.0,0.6887506571786145,0.9398648432964856
0.7264722029669713,-1.0,-0.5875228241957188,-0.48748589952571864,0.7687133154192483,0.857473025176279,-2.433941128042273
0.508380725484476,0.4297288691192882,1.0,-0.20917054041868366,-0.42314076112897914,0.48020097627060154,-0.04013643146875348
0.7007590473819987,0.5243110248741258,-0.1553608431754382,-0.25487732091518084,-1.0,0.3962074277171518,2.500064295855645
0.34092491494585864,-0.05682848057824175,-0.012782653518221443,0.9835322639132965,0.5333966031031803,0.7259364815806029,1.5525477109043757
-1.0,-1.0,-0.14425305804714772,-0.8793146908428939,-1.0,0.26287814771736256,0.013732685790901665
0.28968799355769465,-0.5477500361637326,-0.8980302484765312,0.47806534387528354,-0.3628947231633153,-0.7545151138521227,0.5962186371185301
-0.508574140915941,-1.0,-0.33892839180526657,-0.09996743173141731,1.0,0.64466877334063,0.9078802165971662
0.6073309950029504,0.5102141722294007,0.7923178696783141,1.0,1.0,-0.6414351154373594,-1.9525324428801907
0.8263417436437401,1.0,1.0,0.6373050519357393,-0.8123437459643139,-0.5191012132034529,2.642521395636721
-0.7333772337715173,-1.0,-1.0,-0.7074927931024813,0.9005095948041766,0.8060591857462229,-1.6504409415769596
-0.6982137261232572,-1.0,0.09855726413603327,-0.8113266065892171,0.23332656233913607,0.24189296890748446,-0.6395574249260461
0.9131335235862041,1.0,1.0,1.0,0.7429864826703407,1.0,-8.462884799827444
-0.16493296570820548,-0.8786024749413153,-0.7653592361857782,-0.0024506716539381412,0.5966841162376696,1.0,2.7667913348995015
-0.391153928114755,-0.7143543815514246,-1.0,-1.0,-0.18814860748140638,-1.0,3.9174488257668885
0.10034421360494905,0.5802901686223965,0.17975182557166947,1.0,1.0,0.44327781890060725,1.4019346319497985
-1.0,-0.34277111661347726,-1.0,-0.37545799670296115,0.08848971146885853,1.0,6.143829593633146
-1.0,-1.0,-1.0,-1.0,1.0,0.8055561251884109,-4.72993793346269
-0.2378793938404484,0.7314595387155451,-1.0,0.2521283394365863,-0.9256821602445624,-1.0,2.1111072349315476
-0.7656258769660824,-1.0,-1.0,-0.038686694824553614,0.16780393136846783,0.5763488465684352,-1.062810196116942
-0.22150357384491326,0.10503690909453767,0.08538936413103879,0.46220511810477377,0.7611366953371721,1.0,3.899079813921728
-1.0,-1.0,-0.7600132302216912,-1.0,-1.0,-1.0,4.871010200420819
-1.0,-0.1698020797313785,-0.9827331736328069,-0.9378895553221134,-1.0,0.646061910776524,0.7520450936946115
-0.20830304847276887,-0.27430323970165554,1.0,-0.019642174277563956,0.8774162657468323,0.8095074009431265,-1.3017483208004472
-1.0,-0.0156091897281736,-0.03424638604514829,-0.34885547136010087,-0.13621467487161987,-0.3348859719994287,-0.20485054551694956
0.7150039749514399,0.1195615068173621,-0.3509772471333159,-0.286767083781621,1.0,1.0,1.7832865736139512
-0.6091076283122264,-1.0,-0.5966894522147426,-0.565348926968372,-0.6280529045634164,0.8871925731764069,-1.1398592932203
-0.34756811289262135,0.08458749138092725,-1.0,-1.0,-1.0,-0.35001624345129345,-1.3640393316763195
-0.4855210666597005,-1.0,0.8823780345779878,0.031229624337137107,-0.9689009876915258,-0.7549854124866229,3.0674916757413913
-0.5637829483420617,0.5601126863523631,0.43567257353433714,0.952572733075439,1.0,0.6069913911019349,1.3996008008349843
-0.20337874892607033,-1.0,0.7573080055202671,0.4305652533267578,-0.08618101505919484,-1.0,4.541310784549708
0.7949169348648242,0.8333596604732716,0.7892399473001148,0.6782138181167838,0.08290056580100422,0.2906925621276635,-1.7979245670641066
-0.43922455330868715,-0.11688965058269551,-1.0,0.509733697627073,-1.0,-1.0,0.9963873528653261
1.0,-0.37886841225024526,-0.8196914681656078,-0.7395680914597544,-0.47902491977193107,1.0,4.907501894170858
0.43059274000802183,0.21771158580730798,1.0,-0.13765310018922344,-0.1937304309618273,0.9421070490555923,-1.2078549659267117
0.39315048070333336,0.33620282478843566,0.9919310162175873,1.0,0.7482552607309759,-1.0,-1.636761547354954
-0.40647040105310006,1.0,1.0,0.4980393941108593,0.6967150156347651,-1.0,-1.579817791942985
0.8334434093546195,1.0,0.9219886251791934,0.7594966295048104,-0.762283661170634,-0.8213474203251482,4.001576346880076
0.5952199209652916,-0.7855511958717356,-1.0,-0.28462379440567626,-0.6265263931091356,-1.0,4.099698486931711
-0.29369834569519104,-1.0,-1.0,-0.3080185184181489,-0.02209361871436588,1.0,2.745301581733544
-0.38142923867848755,-0.8339278766290846,-0.29128224683141624,-0.10214732396309117,-1.0,-1.0,1.8208444845902625
0.11974054851061389,0.6585033509781302,-0.13330737677076904,-0.024593755922467708,-1.0,0.6007811736426645,2.6751589680004617
0.9955645922377268,0.1860459156140969,1.0,1.0,-0.5407752019468137,0.8911835770705276,-0.7474088131713447
0.04207509027290257,0.02909210639447138,0.009592986898747768,0.49726186459476723,-1.0,0.19516950789684628,0.16201648996856233
0.5223077478033058,1.0,0.21654840954183946,0.6414619769949375,-1.0,-0.27178092467754966,1.76506608558437
0.20751637922564858,1.0,1.0,0.0424940753088201,-0.4965635323551172,-0.09447046955743654,-1.2284850826647995
-0.39790795366903386,-0.9998323760768497,0.0864701598018699,-0.49272956315158956,-0.3450910656127402,-1.0,4.921984874866636
0.37907963584860377,0.3565048628858865,-0.06489457283434708,-0.8664085751666375,0.13866593752489198,0.8501423256766377,2.5998940916715374
-1.0,-0.9753193673865534,-1.0,-0.6338628933588701,-0.27890706024930334,0.22223951186474838,-6.6978236887114715
-0.14789664232982822,-1.0,0.021425196855925255,-0.94191787687119,-1.0,-0.6107445551280875,7.715242351151648
-1.0,-0.9116856394828706,0.13709364596917473,0.3796827374408267,0.3024339625851461,0.152787064245622,-0.3304591951286098
-0.24993427695193254,-0.8059154372827467,-0.5536677131229293,0.3684855608299174,-1.0,0.4521935153782366,-1.0528452077950032
-1.0,-0.26114769934643145,-1.0,-1.0,1.0,0.46381391097370184,0.30985929470528384
-1.0,-1.0,-1.0,-1.0,0.7979150003561398,0.5399323544473797,-6.683077075240541
1.0,0.4924376626424527,-0.43342074408721676,0.7197627239035942,-1.0,0.3642144905472729,4.480572178980033
0.37470102616480405,0.9098534649000796,0.7326556087078571,0.9778676263264161,0.33167595217583734,-1.0,1.2433345819095285
0.577803389826948,0.4359246495825908,0.20257543482963603,1.0,-0.741696677329207,-0.21893231006541067,2.1801505960469516
0.07895312269194528,-0.09690704743917034,1.0,-0.14877157477133274,-1.0,-1.0,-0.3828716533292833
-0.35156224179115036,-0.6162035584350947,-1.0,-0.202463100453737,-0.7717741002304489,0.7870653694945274,2.711643725926523
-0.4981010922793153,0.11591068477217997,1.0,0.6420369163427437,-1.0,-0.23420111791117493,-2.7121440863521173
0.12241574326154925,0.4665967535270261,-0.7988836012784731,0.31651593390398564,-0.0313643738723316,-0.5234761489564845,1.1406769555285385
0.7434585644542403,0.9366218442794765,1.0,-0.7498739406005595,-1.0,-1.0,1.200957827381535
-0.7119160838908503,-0.9544396695358244,-0.4217172149465528,-1.0,1.0,0.2880175027532563,0.44664384732050866
-0.011967368236446285,-1.0,0.07582286101288016,-0.5828013191259231,0.4565845524615978,1.0,1.1968342221102917
1.0,0.723308455803729,-0.3012977871929084,1.0,0.5501169266196542,-0.37775788441381863,-0.17115650723836257
0.4378942910370496,0.8465120607108358,0.5796344436532355,0.5970866513831796,0.6754984100779131,-0.735818181050741,-0.3686268357137113
-0.5368054263459323,-1.0,0.010945260568936382,0.07993794001172255,0.5050083802247871,0.9575945341610892,2.8566875480643885
0.4932773950002206,-0.40559775692647504,1.0,1.0,0.4676063089880389,0.310056793454762,-1.8953402524093148
-0.7471772587188764,0.26889061478757337,-0.685747810137832,1.0,0.31933799264040397,0.8172594335166592,2.9449585199984916
-0.20876208858833478,-0.13968025251114446,-0.13577832473491935,-0.7953151259795406,-0.7580791711605197,-0.7612634960680051,0.9988560519428016
0.8526003561206216,1.0,-0.253565353920685,0.8599668151458915,-1.0,0.39125527664402143,5.997470196251446
-0.5066424447092892,-0.9387888431459062,-0.7001402312637593,-1.0,-0.6503106249030222,0.7310381987515325,-1.1383478270296545
0.13231840562188024,1.0,1.0,-0.20631710741117026,-0.5288894241101643,1.0,-2.3550646360279903
0.10398947622112943,0.14655011564253873,-0.7632027880843231,-1.0,-1.0,-0.6908615134937338,0.5395524713839748
0.47102251936355194,0.8584602685100757,-0.08341529733162485,1.0,1.0,0.8697050057665336,1.696939357603799
-0.299899950322976,-0.7991007910518906,-1.0,-0.27302579683937733,-0.9352208075352574,-0.20850374564761776,-2.2864623665600825
0.21350718694355475,1.0,0.057315744945866776,0.9741676278922662,0.06887024512344875,-0.14123966920978281,0.6840668641952958
-0.28477553921048027,1.0,0.646566769227048,1.0,0.9374997540652077,0.3010040151538634,-2.80823348641618
0.11679619887859471,1.0,0.7537168211286291,1.0,-0.09833516396626496,-0.5528575260239219,-0.5548328341320635
-1.0,-0.8052731823991002,-0.07542310549648314,-0.9538419082763635,-1.0,-1.0,4.4912373959751175
-1.0,-0.6906335902679065,-0.7227723517982179,-0.32547993108363504,0.3029192636494391,-0.007761584287805101,-0.9168518644792968
-0.7732322585143153,-1.0,-1.0,0.8262366732962367,-0.9781227696759653,-1.0,-2.646403081040685
-1.0,-0.221745270452264,-0.10363873949172686,-0.7650795417519543,1.0,0.4083886086649848,3.4209902054427204
0.7144852065841825,1.0,0.9433048028300244,1.0,-0.9657764886233802,-1.0,6.405985075539023
-0.9126335454646681,-0.2113584030742367,-0.912148027973162,-0.5808167563087349,0.4137223187124612,-0.9903467361934136,4.905072899297686
0.9576516719275785,0.5058110290162026,1.0,0.36573855455748605,0.17476773292176107,0.8674068746883715,-2.651994717116285
-0.9053408475385414,0.45927945018155636,-0.26217787920995395,-0.7554491363640251,1.0,0.6971999248050731,5.348295164956784
0.9421540280652898,1.0,0.5685349067626009,1.0,-0.7402838549792657,0.00807261436591944,3.215300087544693
-0.8815243779617697,-0.9212476980556704,-1.0,0.0005575038416244515,-1.0,-0.9882619507850292,-0.06949820199386944
0.3077634340344226,-1.0,-0.0823771310524366,-1.0,0.7916275045144361,0.016760066396887235,-1.776119898465194
-1.0,1.0,1.0,-0.2685135259724941,0.30867675310579806,0.2786807630427437,-3.545770477218494
-1.0,-1.0,-1.0,0.33367195862444493,-0.8368472565658627,-0.013005812940097117,-6.39851563719519
-1.0,-0.865404607006772,-1.0,-1.0,0.2775190711823008,1.0,-0.5152153995699181
1.0,1.0,1.0,0.33978601061329927,-1.0,-0.749318613730676,4.28766836291352
-1.0,-1.0,-1.0,-0.46283274265149243,0.13368174194901045,-0.615782622942509,-1.6151861985194127
-0.9559424171759942,-0.5902006716635606,0.008570897261476765,-0.6223566480513301,0.4361112035999364,1.0,1.9382190871346543
-0.3286787784058951,-1.0,-0.7406349777389765,-1.0,0.6847875248184985,0.5384559412097971,-3.0649815743793822
-0.459420255379397,-0.17856968943425966,-1.0,-1.0,0.57030695435098,-0.45975285878352057,-0.19418856945432575
0.2314175310667302,-0.03689042066860154,0.5572963170897771,-1.0,0.2323355289129161,0.13525974907215021,-0.3377500925756723
-1.0,-0.30219851327648617,-0.24050937922712,-0.46653994265159837,-0.060436036780859625,-0.721547087373158,1.5353431306001466
-1.0,-1.0,-1.0,-1.0,1.0,0.8866184725728081,-3.538230234913855
-0.3914334540621252,-1.0,-0.715841621394963,-1.0,0.5600297043864003,-0.8282725639434692,2.3181560713010874
-0.03715915684541793,-0.9466001411485698,-0.23913301544321297,1.0,-1.0,0.5883186932137354,4.760029629725483
0.7926984784161999,1.0,0.8938863078900852,0.19584575274619787,-0.437780910441925,-1.0,2.9681777679798023
-1.0,0.6567753547473321,-0.6119961068979379,-1.0,0.4570707774526882,0.7481180851080526,4.7207346694636625
1.0,1.0,-0.3208990502869372,0.8663656531283732,1.0,-0.2480067871016275,-1.1901752043509366
1.0,0.6602997607310457,0.6117642626208695,0.08022652283329768,0.010521055939691215,1.0,0.10992728586957301
-0.760338003614786,-0.8429709847647172,0.854643535195226,-0.11643727940944193,0.6533924779720073,1.0,0.6818024712281888
-0.056300705712342136,-0.5911824610345637,0.38883815962989154,-0.71964134366834,0.565243054408536,-0.5545350287920345,1.6006739166783124
-0.5465119207344452,0.6066897145091484,-0.25860996755312204,1.0,-0.5463900594498988,-0.38229015768645835,-0.4429423963663835
0.3139162015026965,0.2761070399101822,1.0,-0.0734595818322401,-0.1295914193716569,-0.11471327659246133,-0.03722090924266408
1.0,-0.7680561583741311,0.187210507449021,0.05765455123401453,-0.7441597658220228,-0.37888499208234017,4.762502353865546
0.8864889656484264,-0.049434743820945454,-1.0,-0.8111041398980285,-0.685875487761539,-1.0,5.0593142115939145
0.2529322980994336,-0.1464228837036659,-0.48933075957928507,-0.49576070328982375,-0.016662410740487577,0.5181645748261436,-0.16259440302099992
1.0,0.23027613305498362,0.4799462706131584,0.7287845672793475,-0.715064409905555,-0.8618145964672349,6.854345892873531
1.0,1.0,1.0,1.0,-0.1507213636982997,1.0,-4.466101843669726
1.0,1.0,-0.04525935093738953,0.8915879303853907,-0.2160357674323855,0.3914048528362425,2.1986033905521714
0.6654511532019263,1.0,1.0,1.0,-0.6071709060422741,-0.7989965053721284,3.3961841911673365
-0.6352427578912692,-1.0,-0.022459413056741234,0.7172440469808258,0.1326120272906049,-1.0,1.8384835343847943
0.5921249758121274,0.6420298106848749,0.759117307285582,-0.4729590917656804,-0.041667586266823764,-0.8733740402822758,1.107648029077592
1.0,0.12393953479514175,0.7727333343274394,1.0,0.3884732191324576,0.27843062491194903,-2.162832148866688
-0.29709079229937724,0.05902752899226371,0.38934598167837864,-0.4822090395229086,-0.37049402211370625,-0.9502970086033062,1.5431341969240755
1.0,0.3269773108542584,0.5747506389880923,-0.34090549283343835,-1.0,-1.0,7.209189647813495
-0.0637133040234662,1.0,0.6784282944168444,0.7621896938205974,0.4430248620764128,-1.0,-0.23242655208108104
0.10435875344711365,0.7266558479822582,-0.16657110472366976,1.0,1.0,0.9177598459141836,3.7508567461704545
-1.0,-0.45010604425392653,-0.7473200409377427,0.3186788143930863,-1.0,-1.0,-0.5431979938660227
0.4115581773780379,1.0,1.0,0.655667961148751,-0.37512151287891193,-0.126148290282182,-0.9082583332740113
0.15590042426367756,1.0,1.0,0.2742546086423241,0.2676208422338236,-0.38509080700516823,-2.0902311409518277
1.0,0.6197985362070613,1.0,1.0,0.10093020746264483,-1.0,2.933877620975414
-0.8333099583943578,0.8719419978009163,-0.3329416103247848,0.9163968424437571,-1.0,0.4707592139879746,-1.7037128310838652
-0.6425161038580482,-0.2904138181088227,-1.0,-0.4976145600280464,-0.5016445981744028,-0.9691162594261297,4.626321451427001
-1.0,-0.08251626450171898,0.06684504720704337,0.007860701895154365,0.09549757212493071,-1.0,3.1640049664983607
0.22377733793792898,-1.0,0.21483948494248278,0.09042279695047045,-0.07684869866312061,-0.3569560754693113,1.6113595455015879
-0.8552567376419913,-1.0,-1.0,-1.0,0.1673570686320741,1.0,-1.4175707175563725
1.0,-0.2896613800289115,1.0,0.9578054367863182,0.6622199110199161,1.0,-3.6569017357287232
0.9254172923073171,-0.5300986821700535,-1.0,-0.3576847359146048,1.0,1.0,-1.8698001941401903
0.5089511537703065,0.6255136166643112,0.9925087769622768,0.6074494324359223,-0.856651484440072,-0.9151323764426369,2.5145743307758233
-0.5825863900825627,-1.0,-0.6792194142255092,-0.4968229945623276,1.0,0.33573033496848204,-2.0508850258423594
0.5689322676820876,0.7790033330733364,0.6361331324605084,1.0,0.6667173197704453,-0.17199055377940176,-2.8195801005990933
1.0,1.0,1.0,1.0,0.08030485278864374,-0.8775397708691215,1.1956996226483256
-0.8528565148732956,-1.0,-0.4181605120910623,-1.0,-1.0,0.3845070588229095,0.7248341166350065
-0.25396860410615535,-1.0,-0.27150129962889036,-0.6851299661190178,-1.0,-0.1315753271729047,2.3886476582828045
0.1538494365920146,-0.3731853158052365,-0.769115132240592,0.12407083447621436,1.0,-1.0,-0.20378227114853864
0.10907917293607439,-1.0,0.08449702554396887,0.18934784508980473,-1.0,-0.8050413376986851,3.8167760453560664
0.7527011115536768,0.5848728300615734,1.0,0.9205521855777252,-0.772833254031595,0.14272274097983287,0.23687994278298574
-0.26548323088155923,-1.0,0.3245366452962064,-0.45096351315064986,1.0,-0.5304059385110316,3.3125418716043273
0.11533444267624371,1.0,0.6141762495018797,0.16361692020314011,-0.11334368893515145,0.43161263386071425,-0.37078639004507796
-0.4783220623477945,-0.05559661903259849,0.8328099673628091,0.8498432824010026,-1.0,-1.0,-0.15123888169340702
0.2937533065232896,-0.08757363534293283,0.27821135419939474,1.0,-0.18955915039941007,-0.9891969399864091,2.791088992040845
-1.0,-0.17043504197512016,0.3079739718953308,-0.2703412292982028,-0.6856060067661203,-0.028437029883063625,-2.1906033643765634
0.24182340689017234,1.0,-0.4051466808527999,0.8561460820720567,0.17791731898386803,0.5789698379680753,1.7593139680388465
1.0,0.005332168241808599,0.1536651569603169,1.0,0.006873060517809337,0.08953554095567162,-0.3607471415644755
0.9183563267491095,0.7293503704692417,-0.15491959517386455,1.0,1.0,0.39638421717205063,-2.1372483640161986
-0.4497617768154649,-0.8933951583682518,-0.3093021448457709,-0.48381852639505124,1.0,-0.2688168989327324,1.8434383899291404
-1.0,0.02909199382702987,-1.0,-1.0,1.0,-0.17839370398974527,-0.9864802967970756
-0.9628837451789586,-0.7755817933259826,-1.0,-1.0,-0.06914601105196272,-0.6271442741041462,-1.2663087419601238
-0.7140561129005591,-0.5799036541733398,1.0,-0.3896614858934201,-1.0,-1.0,0.05054921116303701
1.0,0.6941480354506118,-0.48576317852069884,0.35968068770412637,-0.6140763423059203,-0.1481990312772281,1.5313294606508177
0.3829220911059783,-0.7103703594734276,-0.6685789958104585,0.8128659911290677,0.05381206069551081,-1.0,0.5057116233706194
-0.7098889860120187,-0.03739413939273395,0.8905254369410225,-0.592690941547732,-0.26309457335225217,-0.4086591808299922,0.4835303832299462
-0.7922376183754929,0.8611790934803817,-0.5221931292437147,-0.45187510014110543,0.19180489885558122,0.11901996983699248,1.2331683169026921
-1.0,0.06384308699403873,-1.0,0.7201881401192008,0.3053280788053816,1.0,7.079152470551157
-0.8656852977540614,-0.6049364121725178,-0.9026948293721917,-0.5588144802446127,0.2814729070217604,0.633857494774915,1.024820275567018
-1.0,0.40891359387025666,1.0,-1.0,-1.0,-0.889796685896658,-3.1228486611086472
-0.09547104403919526,0.6839319498670652,1.0,-0.704658531330008,-1.0,-1.0,-3.28410576735755
-0.8688699610172712,-0.5875955650561413,-0.5811773547375823,-0.45781155582196087,-0.8218295775953568,-1.0,1.4434366995285433
1.0,1.0,0.03592455552827678,0.4817302345869525,0.5980320695649843,-0.6629171035930455,-0.11756839139557496
-1.0,-0.2783413807074204,-1.0,-1.0,-1.0,-0.05110656468225239,-1.4672423684379354
0.05632723830697445,-0.34719762496061485,-1.0,-1.0,-1.0,0.01872425207130446,1.1807526972183076
-1.0,-0.3958581905433134,-0.7958912103981273,-0.9434851830485738,0.3139752633865195,-1.0,5.46316280218834
0.1679390255746378,-0.06526686231440393,1.0,1.0,0.4540192783020382,-0.2529089332184856,-1.2571556676374558
1.0,-0.9620826183795783,0.03285927231123198,0.48542024529055616,0.4606039092116433,-0.3434932141294885,0.016118900319229357
0.47932853782465656,0.9259443414792976,1.0,0.7246836854365011,-0.3723992957315726,-0.33597539161015444,-0.5923267443615318
-1.0,-0.30716065318915775,1.0,0.5867768531123725,-1.0,-0.5280078594689515,-3.2705204411502518
-0.5112702872683661,-0.27881004176686036,0.42559337201531766,-0.5942382879713173,0.6700447275655617,1.0,1.478191563177226
-0.3897470515974222,-1.0,-0.8622084692995731,-0.4562170753143939,-0.4166907010597397,-0.48392427979597347,-1.6039241670466402
0.6551606722308658,1.0,0.3096759888725773,0.19274493424172923,-1.0,0.5866565929690278,3.8487192552563365
-0.9247094331168575,-0.9919131729010647,-0.7681239784443348,-1.0,-1.0,-1.0,4.672623648026053
1.0,0.8087016562027318,1.0,0.6507661430939238,-0.22192508810485712,1.0,-1.7079167396497454
0.2609557268047039,1.0,-0.7172449891151751,-0.40054261591787155,-0.3973370788556304,-0.3116114599106058,1.6665473199043954
1.0,1.0,0.21629389778537544,1.0,-0.20567450334057402,0.4612907339697788,1.6673950781164333
0.6222873543192121,0.09446754861699713,0.6183072484677246,-0.4981291889149654,0.7904543150233851,-0.6018394440621007,0.48337694466891
1.0,-1.0,-0.9237660865211789,-0.7222577826243364,1.0,1.0,-5.949564803390673
-1.0,0.4075658242267299,-1.0,-1.0,-1.0,-1.0,-0.2793594684957398
1.0,1.0,0.2974083586112173,1.0,1.0,0.5345968754610029,-3.903584709675494
0.5461171114271779,1.0,-0.35212657623325094,1.0,0.38342306049949404,0.14507905282434053,0.10319734703564168
-0.5212178443369493,-1.0,0.12436703374679502,-0.31389890300129475,-0.22622964341103374,0.3461909786095198,-0.3107573350248669
-0.37117699037804763,-0.7142166117248984,-0.9287033773114202,-0.600191730552611,0.116761134159451,1.0,3.744257641443133
0.9091652828571987,1.0,1.0,1.0,-0.8434188254468609,-0.1535753872518967,3.198739403104415
-0.6685208581683544,-0.07674256805843216,-0.9112160122690038,-0.4747010010838246,-0.0894774373798658,0.22343807662132575,-0.2396029064863255
-1.0,-1.0,-0.32010521775692913,-0.29249774353281843,-0.6784789751390842,0.5599016959443608,-2.2220814927523826
-1.0,-1.0,-0.7812840519576932,-1.0,0.9565021094784358,0.09630663567353825,-4.6948857345508275
-0.7110563071464512,-0.3138215727346395,-0.6363467607674202,-1.0,-0.5512677890902891,1.0,3.340363895592037
-0.5898024703134374,0.49681414010620084,0.20392320659437907,-0.9373072319415277,-0.15604004240217767,-0.9843972565900133,1.0611994497270385
-1.0,-0.276429445174899,-0.2186401371894009,0.7820793027668117,1.0,0.08825603359555412,3.984894055775767
-1.0,0.35254681575127766,-0.6365567950230612,1.0,0.04025726300703744,-0.5237059801377912,-0.2669716382333459
-0.018909472893543666,-1.0,0.21204049154622684,-0.41329550240236923,-0.5989527614593483,-0.7101449289369728,2.8826203636257013
0.6705963128144576,0.537638626872341,0.8705912686107914,0.5076773194867267,0.5892729426342829,0.2707769076267059,-2.428424099506122
-0.7282701140579672,0.7397334985596085,-1.0,-0.7475703885075351,-0.526159220582086,0.8601505640615389,7.636495357400012
-0.11959242723950635,0.6158742600985785,-0.30052508035420133,-0.39459660989364453,-1.0,-0.09612610963140474,0.15908660949391787
-0.3315053686919293,0.8467583868867425,-0.5711404564105569,1.0,-1.0,-1.0,3.3879458743907027
-0.7839752451026354,0.5010401231965653,0.9644813467679322,-0.40383314372657747,0.19353534581312337,-0.7728652454198938,0.33397617628354004
-1.0,-1.0,0.5998070461562156,-0.19240398432988115,-0.3798130077377406,1.0,-1.4933489787463259
-0.9329082847372829,-0.4052024536782466,-0.3879045288607881,-0.03877915388419684,0.2657831440825704,0.6844773445350094,0.9789029493129908
0.2240734617949962,1.0,-0.46118012729442426,-0.5468467472388454,0.25402435303248283,0.2913340707896941,2.045623816085186
-0.7263279800251985,-0.9540928578944606,-1.0,-0.616391111800626,-0.6950386663100807,0.23874951133854516,-3.1125993582930302
0.29619862702099375,0.18537066986190814,0.10135105647573339,0.9288765890643181,-1.0,0.07839404689581375,1.4285172558905432
0.25756352396462645,0.15098278241533625,1.0,0.01786916410182493,0.7191455337118927,-0.11844974531948739,1.0148469559682072
1.0,1.0,0.18111553511250245,1.0,-1.0,-1.0,11.493456363688015
0.35334456449864327,0.7615766377767389,1.0,1.0,-1.0,0.2185051235041166,0.280449226940638
-0.6692134002875343,-0.02167117379692013,-0.45003778324479926,0.09460158730368445,1.0,0.6161083770363716,2.5125931578001364
-0.26688329417890033,0.09207048759483188,0.5546316491629723,-0.4747012763052425,1.0,0.2199914211244697,0.39247955948545854
0.6904982826133619,0.8060798050704008,1.0,1.0,-0.5802195307049072,-0.20629558530025516,2.3738101305266825
-0.33170851874440055,0.16223241042089065,-0.14013607854495763,-0.19962500028615848,-0.9654101079216898,1.0,2.480259764888893
-0.7542986314847535,-1.0,0.49061816783246753,0.19470971910566742,-1.0,-1.0,3.099426581876449
-0.9895450937522854,-0.7763141947196723,0.5200611665708494,-0.04040475758183926,-0.9032063760303788,-0.7575245915971662,0.14900056868274442
0.493910521030501,0.68910135295901,1.0,0.6008694374667769,-0.8581249690102476,-0.8597452562424291,2.1409510145500756
-0.04329047060564606,-0.5264362996537519,0.7704204760897548,-0.2308550481641487,-1.0,-0.7244003208583739,1.6441202476499899
0.8019269165466361,0.9959107458779395,0.4266005307898385,1.0,1.0,-0.3795171815235194,-2.2882713156450345
-0.1366677483825396,-0.4960224811549081,-1.0,0.32276369022028717,1.0,1.0,6.643871503751536
0.3476851876457105,0.1874833403180215,-0.0007241875050091329,0.535378464043039,1.0,0.6301375978209531,1.0179613272686197
-0.4319153620831331,-1.0,-1.0,0.21224505225350043,-1.0,0.162653824997949,-3.958182448759781
1.0,1.0,-0.5124310540867884,0.7456314767301199,-0.46728821883641614,-1.0,6.736860466621834
-0.31709741070322767,0.7793049220651798,-0.059702091920215306,0.6072105386542064,0.38833269020788835,-1.0,2.546573562230571
1.0,0.5135963723127053,1.0,1.0,0.9877997418980391,-0.7044994132229607,-4.736900347324403
-0.31055432879243217,0.7671368195097137,-0.7399174491228154,-0.6964249087183295,-0.6929241506170445,-1.0,0.7860797826006403
1.0,-0.7834328497601682,-0.47379400566793617,-0.06416908549831551,-1.0,-1.0,7.102310514957308
0.34463739898741785,0.40380792240768726,-0.6125780191159027,0.5485288159011145,-1.0,-1.0,3.135708067257753
-0.2992465651781011,-1.0,-0.9726801980942978,-1.0,-0.007036050235758096,-0.0010407905274382179,-4.462455257025748
1.0,1.0,1.0,0.5523162335222239,-0.42042238752913214,0.2039913532420498,-0.9722936159262172
0.2307002220774007,0.1092002143455742,-0.8524814670323173,0.4339381994124072,-0.6625986872418963,0.5445456592249462,2.0073938665019946
1.0,0.16016643844867717,0.7939897568976865,0.6636670684910886,-0.9147321188921389,-1.0,7.993886699811333
0.3447446244909895,-0.004222692203687095,0.2242641786782993,0.27533226529249444,0.544853045192844,0.10260351744679644,-0.6649656607645235
1.0,0.9355619690171293,0.861023680852887,1.0,0.9972843006866046,0.8111312480210469,-7.407890967554223
-0.5629897655841688,0.24524308776896375,0.8250976200615988,0.8492756782747257,1.0,0.1497033376395125,0.39159010422029683
-0.7778669615730387,-0.3199562107674945,0.4662566499506495,1.0,-0.22861079858218536,0.38366043949342865,-0.757715728705753
-1.0,-0.54649792992771,-0.7105523295335654,-1.0,-1.0,-0.7039505781881417,1.1539068891848419
-1.0,0.04343508317839195,-1.0,0.010962754607154623,-0.8476341937233568,-1.0,2.051025360682372
0.29241526154249614,-0.3167333061008046,0.46576776183321916,0.436766501908528,0.027876130381256137,-1.0,3.525757158589464
1.0,1.0,0.8463265854956306,1.0,0.272513891599953,0.446144373697299,-4.080252204529854
1.0,1.0,1.0,-0.11571693761503521,-1.0,-0.872163032064564,3.175792033593118
0.1634727525446371,1.0,0.4074944457962588,1.0,-1.0,-0.21643685598685725,2.3824831312142596
0.02138331793032905,-0.7654536171952947,0.8743587438718916,0.25419364920053555,0.650576089001359,0.13361204665923132,0.18657631492436103
0.8566256612216335,0.9953177192806164,-0.5270551922027747,0.6491263641841778,0.42768053192061917,-0.9777972425862804,1.294207363334445
0.09066195285135392,-0.4132165184912673,-0.3508402063208115,-1.0,-0.8233366178191031,-1.0,5.232884288415135
1.0,0.3487072068716919,1.0,0.8462572774569947,1.0,-0.7269257808274497,-4.177059492277177
0.12172013422263694,-0.36626623755712706,-1.0,-1.0,-1.0,1.0,8.92780688417445
0.7787731701644794,0.302413531922186,0.7967708790854897,0.7275951692794864,0.9657748791164273,1.0,-2.7183637401563763
-1.0,-1.0,-0.3684257395681389,-0.4370196013838151,-0.5261766255906023,0.7455999256633654,-3.6849028507711026
-1.0,-1.0,-0.7198110271975289,-0.8492825965828491,1.0,-0.06854708600036108,-2.250533252720689
-1.0,-0.09369223311836028,-1.0,-0.6319733172021571,1.0,-0.4026406949128618,-0.07255634695751056
-0.10130939740612699,-1.0,-0.5414295403216008,-0.8195621812029013,0.2936041406972485,-1.0,3.8146457578433415
0.6848389310247478,-1.0,0.7758331913877732,-0.0481477962025596,-0.8577900553726905,-0.04745287855596503,5.269627929954537
-1.0,-1.0,-0.7226067506446694,-0.2944033181134933,0.06410403297582645,-0.15235417863819217,-3.1629195733890754
-0.16091075644967723,-0.5162233394980922,-0.38665999505585513,-1.0,1.0,1.0,4.497684082596262
-1.0,-1.0,-1.0,-0.6429717258163961,0.5544191548584577,0.0886289324556423,-4.6400417873774
-1.0,-0.39649132945086935,-0.8752995784294968,-1.0,-0.7387668702006304,-0.16316657788982036,-1.1440165813070409
0.3919140354807873,1.0,0.43291089771875524,1.0,0.27412762940581503,0.4868758792781944,-2.5596473005825366
1.0,0.32387642401025474,0.5081369842579858,1.0,0.8393292111915227,0.2466904136989294,-4.570815821560253
-0.5212617562910755,0.3116320502514017,0.33569843266338606,0.2742573887563975,-1.0,-1.0,-1.3369053417734296
-1.0,0.3782530705139129,-1.0,-0.24981809031756685,0.6239442027433793,0.566629247776089,2.083941353791597
-1.0,-1.0,-1.0,-0.7744183637050006,1.0,0.33732641834797716,-6.717109833770323
1.0,0.29788538593622205,1.0,0.7150751729288227,1.0,0.9279819756225689,-5.806754322311331
-0.08090532942006327,0.3696182654475408,-1.0,0.07327948026233645,-0.24197183030064312,1.0,7.824308290134712
1.0,1.0,0.8650991541312674,1.0,0.4837533181243604,0.08415747501685555,-4.484373914331086
0.5828935900190518,0.09616296055534734,1.0,1.0,0.75329606914461,-0.09871230382157892,-3.1022735671164154
0.35411965289567937,0.7622305578761417,-0.7865000014962085,1.0,1.0,0.4455732749991093,-0.8244638557364313
-0.9825699514629741,-0.10879440965174281,0.09248826587121872,0.77550322833901,-0.16945560792164893,-0.5813150440144935,0.46911924293938906
-0.354040168437146,0.25039716461651995,0.8649588333860969,0.10145655251181984,-1.0,-0.16549248312913156,-2.3927215865584675
-0.40867766361134916,0.5578818849902439,0.06237238198301906,0.7241129492242586,0.08500202079696062,1.0,1.8219514361401323
-0.8192290595863361,-1.0,0.27758686118349596,0.29873168978964326,0.9226098363290757,1.0,4.215287009228994
0.49241780069610647,-1.0,0.7753162280917092,0.3616222782952839,1.0,0.167169747984672,0.02890945176084514
-0.2118298101165153,-1.0,-0.07054161623759958,1.0,0.8473518652653594,-0.518509719139441,-1.1332381724472325
0.37649860778596356,0.03166561573115789,1.0,1.0,1.0,1.0,-2.8243738311278443
-0.17349820507037528,0.525945704201964,0.6723771971180919,0.05473179482622326,0.8310366683725818,-0.01233388562637161,-0.6749936296524838
0.9959325130794351,1.0,0.9646976256714993,0.6469126243888484,1.0,0.7148864312859162,-7.885859493533243
-0.14168384734958522,1.0,-0.19731492939082262,-0.4005452973814683,1.0,1.0,8.338913159127062
-0.5142627023318351,-0.8707177864404667,0.8860879727925906,-0.3139953284098189,0.38632316805147715,0.39952008807568073,-0.3531661917040043
-1.0,0.2750475653239548,-0.8177305530145689,-0.12628022064323008,-0.5870037768230487,0.576282679268986,0.4125297686419372
1.0,1.0,0.40161465224230297,1.0,0.010505122066224122,-1.0,6.381187849917567
1.0,-1.0,0.9243675881333312,0.7662140679347624,1.0,-1.0,-2.5943003609834694
0.9115012139665193,0.17936017745848765,0.4597348783064508,0.8657834805121014,0.8147376240474409,-1.0,1.034820948621915
1.0,-0.33058448739475815,0.5779278487829613,0.7400097733065171,0.3121747683216449,0.7222789606910633,-0.5039903985969112
0.8275319976071798,1.0,0.1124602461781945,1.0,-0.5736366506666281,0.9129562304959362,4.850723864312581
0.2550397725222796,0.1070852146912577,-0.5582392798211022,-0.8237972072500487,-0.5156838399733752,-0.3470741288925048,-0.024861050174274396
0.1786022763600037,1.0,-0.40427653096812494,1.0,0.09212544978470949,1.0,3.3100330323305545
1.0,-0.13697467829903953,1.0,0.32137239035951837,1.0,1.0,-5.787525777221837
-0.08580003403441627,-0.42349293282391326,-0.08786861732413523,0.5630888404977662,1.0,-0.40996928062865035,-0.17283649836188542
-0.16599570873569358,-0.38326603211026455,0.754929508966677,0.05123562296048023,-0.09312491255413624,-0.4976469613426616,1.8252625567637213
1.0,1.0,0.6771807494911921,1.0,1.0,0.33358045754094023,-6.674935456797851
-0.3985384998006076,0.3215171045678786,-0.4610798722460516,-1.0,-0.4977742045115379,-0.22970721975365005,-1.0106995951359623
0.14860715623386211,1.0,1.0,0.3994885610686939,-1.0,-1.0,-1.6938260040733428
1.0,0.7942775710702858,0.06795772246479892,0.8730169134790636,-1.0,-0.9093600402243482,8.060943974824283
1.0,0.577946234651985,0.2332294196986282,1.0,0.8717177939024339,0.862149748829885,-1.4273853242635322
0.635746338369696,0.3063992296256014,-1.0,-0.9919845952359041,-0.5782345793939794,0.693233790299726,4.175314959562613
1.0,-0.9247369869020268,0.8630977171663481,0.7164780351448481,-0.5384544736066682,-0.7299590274310299,8.159145508335367
1.0,-0.2617615861078806,1.0,0.08683078050737014,-1.0,-0.3046083024593186,6.875598433526711
0.06269091346754307,-0.3148615111847757,-0.12244989402977924,0.7922042931475121,-0.12321300926709293,0.9463518063390132,3.3943445194303425
0.03195064159452354,0.07303892315811411,-0.7615125143913942,-0.19444783696912155,-0.04012859144356429,-0.7247750934004524,1.6583540463629973
-0.985939992256555,1.0,0.03998663429754959,0.8929015294650985,-0.20049953699044332,-0.35440734085794623,0.3076192431669007
-0.7460024968464223,-1.0,-0.5136406000073156,0.24267204462029585,1.0,0.5371837546767112,0.808391493306357
-0.2848881562202358,-0.22455588125513648,-1.0,0.8334490557414167,1.0,-0.17250827943322572,-1.4999258348391102
-1.0,-1.0,-1.0,-0.4220101094577152,0.2706628117865809,-0.36966906727127935,-3.7684278065753682
-1.0,-0.43249297488590094,-0.6141490146547637,-0.6592313669379968,-0.7468793453955632,-0.0978519639973674,-1.7569821169401936
0.6109391177281822,-0.7095720418444662,0.31996956879581606,0.3619174059984413,1.0,0.26251812753748305,-1.435327689492104
-0.05569092863074521,-1.0,-1.0,0.11293858553906633,0.012489596652151269,-0.6113398912735636,-1.704627756238053
0.3596108825854603,0.6203433354006249,1.0,-1.0,0.8439633645466691,-0.06349691354588655,-1.1605216392872864
-0.22917582651477822,-0.19098818083492683,-0.037822010521423755,-0.5789624031754164,-1.0,0.03787228580137081,-0.01686727397703494
-0.05208473844531858,-0.47552600303725223,-0.033148447538921294,-0.17320428367955176,-1.0,-1.0,2.3221148607463538
0.6644610463465697,-0.2807981229329665,-0.2917946993849031,0.8934310183857987,-0.8715717683251955,0.14652704667224453,1.977749011151696
-0.6712107502055077,-0.8851703612852295,-0.5099013942134696,-0.11331255601598147,-0.5137173403258191,0.12016450818996527,-2.2060896972047974
-0.4074044679890123,-0.7121249703130351,-1.0,-0.8114530492433003,1.0,0.15186601051611504,-2.5977461994894275
0.3799893437130483,0.6514833596800459,-0.2956816583900513,0.4320070285583959,-1.0,-0.3645620996655128,2.4650676686937336
-0.4745005937169183,-0.0731064991173993,0.19755152513378552,0.36256141522387775,-0.40464585668170117,-0.7896232263711991,0.5905398328070326
1.0,1.0,-0.014054630873996943,0.4854707842553396,-0.7791042186848477,-0.08953333088022053,2.970756458138821
-1.0,-1.0,-0.6232316935599954,0.2369282075261434,-0.6907624900706572,0.8912939566367322,-0.8732290625377725
-0.40756959137353,-0.06059877518354484,1.0,-0.688076284152384,1.0,1.0,-0.7619049793042524
-0.07029746384204681,-0.17236597369610435,0.5218321726909666,-0.13941684323348724,1.0,-0.14583066593003757,-0.3408931045431911
0.41870406420177275,1.0,1.0,0.49189552507796275,-0.45545024998998024,1.0,-2.7273048207958652
-0.8878927569220484,-0.4908983756868017,0.7435618188307607,0.623841110904537,0.664179828628676,0.9239107218313793,0.04446389290654029
-0.28205888527237777,-1.0,-0.48995654911050934,-0.24696628697409184,-1.0,1.0,3.015859146937528
0.4466077633005699,-0.0905889923179385,0.1526903663039666,0.5710056336915649,-0.49015806770892517,-0.5018932298900707,1.924044247621503
-0.19105384961327676,-1.0,-1.0,-1.0,0.9660176303345263,-0.41221617817265477,-3.8070823489913437
-0.5148294577880341,0.589053425754123,1.0,0.8152380543450981,-0.5112320709594913,0.12815129246640014,-1.571462561653763
0.7039212786168711,1.0,0.7303081002028616,0.9932156540358914,-1.0,-0.032299415696163125,2.1395658787878675
-0.09364894637194325,-0.3670853881308017,1.0,0.8990923760063587,1.0,-0.010059475661741202,-1.1504912983332283
-1.0,-1.0,0.5183626802203705,-0.44287548383278946,0.20392307715100716,-0.7605563081885949,5.743844255818144
0.7249744488055969,0.2748094955171435,-0.08947926885604235,0.29781428231188467,1.0,0.3590389874625297,-1.23794299666632
-1.0,-0.08579950416236781,-0.04357828334987435,-1.0,0.344179875449173,0.3330003739163366,0.5939292304286852
-0.4802252060401946,0.4651915243611599,0.7899871307221398,0.85905551356301,-1.0,-0.6707885969420531,-0.7152056984686334
-0.9074408064235221,-0.5805982034000077,-0.7340969316872783,-1.0,0.13145274173321186,0.6308229210368977,-1.3262572995548236
1.0,-0.2584990070334744,-0.5203700602729597,0.5565780938193484,-0.47027556459515935,0.38357140087851466,2.402259554311658
-0.3520792321255686,-1.0,0.6645315858254193,-0.5581645458225337,-0.02453332325668406,0.35174407876630986,-0.005639814035565821
0.17184175450237543,-0.07787499807145157,-0.7015854057650587,0.47769226042454627,1.0,1.0,5.556028465405113
0.5712317313660683,0.05734707223443425,-0.008872841811497778,0.8190371890717278,0.6622953164799084,-1.0,1.8413568146706252
0.1174590073192868,-0.6428667917665158,-1.0,0.17229198363805232,-1.0,-1.0,2.5078216570846004
1.0,0.6598046385745053,0.01079230382775842,1.0,-0.9605403363439099,-0.2714547784142767,4.7765868238395335
0.2647982337920368,-1.0,-0.4774130629227462,-0.40228917188682123,0.7342712824620906,-0.5342165972727158,-0.09169434530744724
0.9361825173040936,1.0,0.002664545142281538,0.7095072991679774,0.03591990045835747,1.0,3.257823622820392
-0.5298699183657337,-0.23647205342204414,-0.3896183965317989,-0.43933696179220094,-1.0,0.8963120990194685,2.6517069882686455
1.0,0.9380474089232355,0.7777393038392193,1.0,-0.19999655841198272,-1.0,5.206036232704485
0.09087948300040531,0.17303579673504063,0.707631745895028,0.5532363647263128,1.0,-0.6007883774068652,0.22761974348757558
-0.9350222997379816,-0.04789674779424691,-0.18007809180933226,-0.23813457892105594,-0.24699651292823638,0.6271329543227553,-0.89654165619714
1.0,-0.41909420312245205,0.41947469067501286,0.8151304746045192,0.4177538531414513,0.6838056546349274,-1.4090801399482487
-1.0,-1.0,-1.0,-1.0,1.0,-0.05454719100423569,-7.889198675976751
0.6173851857932449,0.11779287272029054,-0.5183969344201915,-1.0,-0.48020604795279365,0.3714062459194083,1.0870215504517002
-1.0,-1.0,-0.17397713675476545,-1.0,-1.0,-1.0,4.985118055875656
-0.34054996090318573,-0.5340572198047667,1.0,0.40235209140752715,1.0,-0.4358331135869306,1.18736240568493
0.783394917238226,0.22003352023239806,0.14340431430275358,-0.57088272381947,-0.020382393092348294,0.7910234611091435,0.8881432431409979
0.0866540629329593,1.0,1.0,0.03747361704247698,1.0,-0.7166393453163131,-1.6708244151764822
0.38206391402005313,-0.8051600295099084,-0.7194369519874585,0.5938895556310353,1.0,0.44977680661488484,-1.8712309018018438
1.0,0.27170313951135805,-0.826867290682501,0.4303593306881351,-0.8838208215641576,0.0632624025812707,3.9475569206538523
-0.4725034511425392,-0.7284039704489974,-1.0,1.0,-1.0,-0.7297007305544527,-2.4983721919828383
-0.2423504941607206,1.0,-0.6418338581219869,-0.36198583449796307,-0.37227373689988985,-0.05493463928373771,2.228643431423291
-0.6701545032903831,-1.0,-0.11810965966181186,-1.0,0.16295287781884837,0.5668804142667069,-3.670893585031311
0.34056596137501016,0.23121237045525672,0.741278547566035,-0.18732142471291546,0.20900701783003517,1.0,-0.01300472519115603
-1.0,0.6601751626627971,-0.7362916339300029,0.34637230377971173,1.0,0.6076656008201986,5.189629785412753
0.12459086921845292,0.30520468900337655,0.4466815018163932,0.19607963039005752,-0.1051002584265317,0.6167207230056014,0.4349935721216953
-1.0,0.08207898661644725,-0.3049852706593947,0.11492278535093903,-0.4352928577975882,0.2225085544693,-1.2713608467547108
-1.0,-1.0,-0.8332909709986742,-0.634706485914321,-0.959305088454632,-0.038077267870320536,-4.268886777084285
0.8915673412222115,1.0,1.0,0.03526263659946882,0.3987906132627823,0.6233491653457934,-4.665684586074426
1.0,0.1373699757517428,1.0,0.6054339192826099,1.0,-0.16456697237041362,-3.3725247234629396
-1.0,-0.3815111889796303,-1.0,-1.0,-0.9806185857606389,-0.7248722166131156,0.6711959757617796
-0.7565362318377842,0.14434407409720057,-0.30183950859928377,-0.6749240448810097,-1.0,-0.4480254247895532,-0.9071416567471127
0.8281759623353319,-0.2456867208084758,0.03587375529878534,0.9663561285708868,-1.0,-0.11370400529381675,3.5578163005845793
-1.0,-0.32386506639307044,0.001627235044567521,-0.3052592561273757,-1.0,0.7461164908214133,-2.29286308371614
0.2669430056952953,-0.3838155593880506,-0.6583596235471885,-0.6291195402151388,-0.4306294349234716,-0.43839593687416356,-0.0876255232390254
1.0,0.12789417010432663,0.5536809449275212,0.060200575324652617,1.0,0.712491288232499,-2.91444562324937
-0.7256144919422609,0.8878598820664314,-0.4262278453711366,0.29005529050116396,1.0,0.4092170434685276,4.315654783092801
0.05966023270100562,-1.0,-0.16294801495512634,-0.5166763172387003,-0.8168381634304351,-1.0,4.589003889556377
-0.5097675204842873,-0.11815953897234577,-1.0,-1.0,1.0,1.0,8.355482697781547
0.5588612104428191,-0.0027930003748650734,0.4196165584704459,1.0,0.8967616231399291,1.0,1.6473567903297592
-0.6854957172682569,-0.9251020100319391,-0.15439646503621884,0.46527057309916486,0.9269974832492575,1.0,4.310925761189558
-0.7427737674402257,-0.5123253130385343,-0.971359813386908,0.5629334317497221,0.6657593100468853,0.9596522663541944,6.467042912871242
0.49783150422463573,0.8629983068630586,-0.8898068171575538,0.9646129772202395,-1.0,-0.9322407444747862,6.543463448939499
0.38483802885473883,0.4100035206450863,0.6183335443435853,0.7729380695167432,-0.5525356964941148,-1.0,4.3796819775027895
-0.45418721820435404,-1.0,-0.8367575869248545,-0.4611331406509811,0.9931544374962473,-0.3878564562236566,-2.0042234523391707
-1.0,-1.0,-1.0,-0.24638193406175057,0.8570880382755979,0.5410424696273939,-2.8038260066883613
-1.0,0.4820038873426048,0.9899561340630684,1.0,-0.629747089761851,-0.9197485228802352,0.951243730771273
1.0,1.0,0.7810239182499636,1.0,1.0,0.5383692358054039,-7.581653063766276
-1.0,-1.0,-0.9849161865930229,0.054709335574477796,0.7521214207017606,1.0,4.8345218690391905
1.0,1.0,-1.0,-1.0,1.0,-0.35911406498782844,-0.7494797036211973
0.9092791902813018,1.0,-0.5931593961785975,-0.5093313547153857,1.0,0.43156780500022784,2.060631830510056
-0.47391818740435226,-0.7209030533440834,0.3848801312741172,0.9539272241419143,0.25338937014518015,0.14732814097106786,-0.5589361676293296
-1.0,-0.8057398750191502,-0.5947613207234885,-0.5161271534797893,0.39759864778769227,0.5310168335926835,-0.9701546017887824
0.12417674149536234,1.0,0.7517758299945427,-0.672897757730581,0.051513151390164214,-0.9321788302394685,-1.9028733139322525
0.26164382925722895,1.0,0.66878442242736,1.0,-0.5762599156334511,0.211429712346816,-0.2995651116460008
1.0,0.684013420736858,0.43205423983340796,0.3704553782581325,0.497463421263434,-0.7872896990146313,1.5830458128628475
1.0,-0.08286998846754856,-0.014261142458611209,0.7625346617781876,-0.4527466930934862,1.0,4.891489687574827
0.8647528290091775,1.0,0.31773788444001905,0.6286716167347587,0.1092625528994825,1.0,1.564252076595003
0.9553409661556919,0.07959133891126363,-0.11853952421276148,0.851876695074939,0.856437231432865,1.0,0.7095412985567934
-0.9354494257422452,-0.06797355951864004,0.1545362002817,-0.6083646140434306,0.029154099399914202,1.0,0.975980305792094
1.0,0.9231058262007469,1.0,1.0,-0.21755916878018303,0.042020756976047346,-0.3526306633300482
0.9115429113972691,1.0,0.23564079214745792,0.7026925480692492,-0.8345677511952975,-0.9823774709955843,8.22586548442972
-1.0,-1.0,-0.37884873732206126,0.2184982413590748,-0.4226536477839098,1.0,-0.8323628001892763
0.2155118950632675,-1.0,-1.0,-0.601133201599308,-0.10641385130844394,0.6635528276403329,-1.4136392080168232
0.14035953475175722,-0.6683643352854876,-0.6539314198199423,-0.8667261516296134,1.0,0.6002646669949926,0.09718003130497277
0.4511409860119582,-1.0,-0.2777994372798804,-1.0,-0.9877339988262931,0.7773058710966643,7.810609719428531
0.34141495426817015,0.22628335650246112,0.4170042124802096,0.40550735532751925,0.42015111843508285,1.0,1.503863800672907
1.0,0.3175297913960955,1.0,1.0,-0.37057125258876267,0.48379612312570325,-0.44782993083448275
0.7063932441531697,0.7029375789002654,1.0,0.6607038004721277,-1.0,-0.28722255938974817,2.71432899390395
-0.0010939830125443195,-0.4021637338423276,0.5147776771988607,0.8155933325732556,-1.0,1.0,2.9648438283100678
-0.5583698708871632,-0.8494278556249382,-0.7585401463061698,-1.0,-1.0,-1.0,5.17120532136949
-0.7805650715751313,-0.8523956493296021,0.013779114244282464,-0.587185764676726,-1.0,-1.0,2.5011886215946033
1.0,1.0,0.10096279753232817,0.921146837705713,-1.0,-0.9757278854956747,11.108440273214292
-0.002638148150390318,-0.8066447189935156,0.6337346768828236,-1.0,-1.0,-0.6056085342797046,6.49860776893329
-1.0,-0.8348080335524326,-1.0,-0.6252502811495416,1.0,-0.6791839662503785,-0.7710437584538476
-0.8041777022603805,-0.9697155640881427,-1.0,-1.0,-0.44136463835480944,-0.7643889702232969,0.07888231688364057
0.2173214886532947,-0.7437469046163625,1.0,0.05232896007747678,0.9526094644608437,-0.5407535719598447,1.258906033984456
-0.8736921599791988,-1.0,-1.0,0.4630166049782125,0.4417431204381586,-1.0,2.077955751355218
0.8851960403305899,1.0,1.0,1.0,-0.05450563829211341,-0.904739676616329,1.8801402007266423
-1.0,-1.0,-0.2253801326147652,-0.3490869133972452,-1.0,-0.4845953088970725,-0.058005800088506296
-0.2503788623583424,-1.0,-0.17801146088956477,0.15672376912586028,-1.0,-0.44604967116550415,-0.34272187975943946
0.026820738471607597,0.3208824494762867,0.38604145636615383,-0.1051164960206854,0.48053816623639356,0.7383259690331374,-0.4498148893003939
0.8656521228542523,-0.0961010188526466,-1.0,-0.4687730983404461,-0.8345938281695294,-0.37477287756071176,3.1020478515224243
-0.41142922841798546,-0.29296862028174475,0.2638615499090067,-0.3946358068398761,1.0,-0.20540940233366423,1.9978112697769457
0.005349803763430111,-0.04743898288798698,1.0,-1.0,-0.6106499959568513,-0.3307180643081981,-0.5784749530353216
-0.8605584466319518,0.07519904554060136,0.5505778880478442,0.48705024478600323,1.0,1.0,3.81770144894408
-1.0,0.004538161702043686,-1.0,-0.21080354133983614,0.15395460490901658,-0.680987508935145,1.6013456268063742
1.0,1.0,0.1804964916488414,1.0,-0.19592839768778392,-0.2098937981571558,1.9934579422745957
1.0,1.0,-0.598516053435973,0.26184651226478317,-0.8863666421066532,-1.0,6.514644817424342
-0.6494647388656717,-1.0,-1.0,-0.7518110969935983,-0.9849658854115048,-0.34674849610948766,-1.9650245694168076
0.43322983519295855,0.07793184497582169,-0.7394355446832418,1.0,-0.4430220393631359,-1.0,2.4273521424326905
-1.0,-1.0,-0.9462537274701266,-0.9307607088569865,-0.07889511240037664,0.8295654611312511,-4.635539571062928
-1.0,-1.0,0.11591464888525838,1.0,-1.0,-1.0,0.9171951989233533
0.13500565348439397,-0.8645428374455568,-0.6246653706978473,-0.2648169163447016,-0.34908282442666994,-0.23186633681625102,-0.4789677146481842
0.36598788619383466,0.1846975106779124,0.12301231361357967,0.10168709720183522,0.8899723860213056,1.0,1.7604716051769116
-1.0,-1.0,-0.9880250619216069,-1.0,-1.0,-1.0,5.819193838778858
0.548148870976994,-0.27848058018114097,0.35608971380349425,0.4475026974515323,-1.0,-1.0,5.447407242134313
1.0,1.0,0.2416371207285115,0.990587124222887,0.249606297108102,0.3229163027302455,-1.31912360318676
1.0,1.0,7.631067532087865e-05,-0.24620277981708735,-0.37543269626610004,-1.0,4.463598924364493
-0.5286598028456131,0.5226611549779339,-0.8379161902555767,0.04325614110024992,0.04198516898226945,0.9352258591075924,5.864307037148144
0.975164679084982,-0.28428651925856635,-0.6554748034825458,0.42157255616588174,-0.6311882805998661,0.2865675630830885,1.1356685505435233
-1.0,-1.0,-0.16040055026912325,-1.0,0.9164600997567081,1.0,1.1630061542490822
0.9204173729289136,0.4064035015445102,-0.10869098581910164,0.4291831426637498,-0.9950823296831423,-0.24343749638511436,2.8984016172868237
1.0,0.10309997571641197,0.2160563241793883,-0.5453142820743883,1.0,0.007208186258161248,-1.749952248488548
-0.08612178696733483,-0.8884977954173985,0.7927123608556454,0.006461847337084187,-1.0,-0.8777855347490708,3.272039279909659
-0.5935585850203298,-1.0,-1.0,-1.0,0.42365991967474664,0.19744750200669192,-6.507614558843027
1.0,0.12339700203951898,1.0,1.0,-0.9019733922761206,-0.24801696832619036,3.8672289373607076
-1.0,1.0,-0.5796930712098632,-0.9492498319923212,0.009708394026335901,0.3625360872370863,0.6386891904307279
-0.23574855483763957,0.16798048495082218,-0.0949021872489751,0.9087704905873847,-1.0,-1.0,1.9725456430975215
-0.788174319653744,-1.0,-0.6311465751027403,-1.0,-0.5942794016509104,-1.0,4.54555786406509
0.6381556703343356,1.0,0.6008346623484089,1.0,-1.0,1.0,4.110489034996921
1.0,0.5229842503062552,1.0,0.8793792839818632,1.0,-1.0,-3.54360143120193
0.6874570539708764,-0.6540871081381376,0.6709071050997233,0.863909774426024,0.032301752322465016,-1.0,4.920491106164285
-0.14984062805967624,-0.014169747260930787,-0.2982191828863461,-0.8797153418953401,0.18259323448537845,0.41535640442756044,1.5100752756581926
-0.36478493977147475,1.0,0.5538735438830039,1.0,-1.0,-1.0,2.3774940044605235
-0.5940048448867257,-0.5517209668270742,-0.8724731986805998,-0.7144239433981538,-0.9329153878853276,-0.7575681135146839,0.5338239129018222
-0.5018039769784992,-0.7470180962532172,0.5581577989215513,-0.1247938819895825,-0.05080989633410038,1.0,-0.28097292710360655
1.0,1.0,0.7326762917847713,0.08553736532233258,0.22911020416567532,-0.3730045273002025,-1.492450499710157
-0.8799527286330173,-0.9339430600344295,-0.7624310326847854,-0.07507342550660034,1.0,0.0029820172073637963,-1.838110484593996
-1.0,-0.3547057038045137,-0.5111755295321545,1.0,-0.31696554452604747,-0.09118799644438702,-1.1942867887508142
0.3713882662309462,-0.7841494832071403,-0.586127257077237,-1.0,1.0,-0.23701862881384783,-0.11097700374709196
1.0,0.7441260240201037,1.0,1.0,1.0,-0.08442857337614951,-6.573909207811693
0.22275231188311473,0.597557263064643,0.8382320537395817,1.0,-0.636472344396459,-0.31041261960432,0.6386951423936962
1.0,1.0,0.6877621802978685,1.0,0.7979779127169822,-0.6237390858629631,-2.0350465948292706
-0.35034624298766603,-0.8017441236160432,-0.15386463696373787,-0.9153575885482952,1.0,0.9825393774805211,2.3397857704608693
0.35531599603497543,-0.8021970236933667,0.3228829854869397,1.0,-0.12935567665499867,-1.0,4.842053944521813
0.13863259734967429,1.0,0.559775105476406,-0.4900166004555255,-1.0,-1.0,-0.37471725763137914
0.7943688862688382,0.9899673231390117,-1.0,0.18476943468263096,-0.07653330777323486,1.0,7.566366037944622
-0.4218112342382204,0.1272284974766358,-0.39518647836220416,0.3059583881731214,0.08498164769393385,-0.990234188922495,3.0789441316909514
-1.0,-1.0,-1.0,-1.0,0.9663023015894069,-1.0,2.3285125702481912
0.6341967730706127,1.0,1.0,0.769091508595779,0.12227762641069662,0.10233170163621419,-2.8412323239134105
-1.0,-0.5556135529639313,-0.2391327038403337,-0.2923466399359437,0.7932126602036468,-1.0,6.826544657565811
0.592138788819066,-0.7937565356180636,-0.21230425936343944,-0.5699703651982453,-0.3639422034615716,-1.0,5.388615812191695
-0.6045435567220871,-0.7716471774522634,-1.0,-1.0,-0.8422397690946878,1.0,4.446883647342426
0.6761790101047757,-0.09508057718792173,0.03882868002602869,0.06333094243339524,0.02774014316127829,-1.0,4.233269499168349
0.08630435401099867,0.6566810826094189,0.22111394734120624,0.27315461233518445,-0.15018413426890287,-0.3284376218058942,-0.014212811626513486
1.0,1.0,1.0,1.0,-0.06027635460054237,1.0,-4.9674308426729405
-0.011662917478620995,-0.08033433409984697,-0.15920685681654567,-0.3865612239400171,-0.11892554743183426,-0.03812977334783607,0.010903280765539569
0.7047966285441684,0.6922965886741055,-0.8564523555225622,-0.3734627441532832,1.0,0.7988404942735323,2.865664071761431
1.0,-0.01543114535663892,0.2418057752078715,1.0,-1.0,-0.0008730498516880125,3.7344138164160396
1.0,0.5070530888491931,0.9861840957221039,0.12661148320935856,-0.5974743950265424,-0.8390389838131874,5.139622772377361
1.0,-0.4572740048417144,1.0,0.5384319017401991,-0.4014194095845238,-0.5042922181479642,4.497763461168408
1.0,0.8421351799091471,0.6430362706205462,-0.19408710569016385,1.0,0.9951521536358291,-1.6523196117290628
-0.7046519427275418,0.2986920368998385,1.0,-0.19533671461653251,0.18604419728334842,0.18654591794769337,-0.04811411489076889
1.0,1.0,1.0,0.5427980942374149,0.9146299571224914,1.0,-6.919118325643891
-0.6553991950714997,-1.0,-1.0,-0.870698703785127,0.6162964284006519,0.042251654137531014,-5.138435646544591
0.4127151793179389,0.5389726117001163,-0.1945406326224,-0.6795568413413285,-0.93658121423922,-1.0,3.1313388731866785
-1.0,-0.722213368041382,-0.7293041778487681,-0.44311605226532946,-1.0,-0.6749236434533421,-0.31837639428462133
1.0,1.0,1.0,0.15991083057578037,1.0,0.15980447732854453,-5.1404442328316735
0.7951194264997579,0.49366755931056605,0.17083936873335004,0.6598150988191918,0.3709148698520466,-0.40609706588129957,0.9828958497454031
0.8957090598356263,0.17600861916057658,-0.17068334689990372,0.31760513547027813,0.5903963813235371,1.0,1.304929226947684
-1.0,-0.6076939147611709,0.17268928816868956,-0.8399257199437965,-0.16851729836485307,0.12105227009974412,-1.2919643048416456
1.0,0.5661646771730333,0.7895974417265665,1.0,-1.0,-1.0,9.084943320546456
-0.41484829204796436,0.4624936833549813,-0.37782841274351703,0.707110892698173,-0.7866671902773048,-1.0,1.5776254345333547
-1.0,-0.43616208671621726,-1.0,-0.9242048696562255,0.16300437175119686,-1.0,6.1512830839517765
0.5471161042111645,0.1523080655897222,0.49578763925573455,1.0,0.06174362651400067,0.625628609707909,-0.019525440863431998
0.21196791242687052,-0.0583745446590479,1.0,0.28344626259214856,-0.10146968794102129,-0.8052796305895232,1.4719003559603983
0.5551812988726301,0.010876374695211855,-0.894091566953809,0.8811438610230555,1.0,-0.3366521625113926,-3.530344824613542
-0.6253954546106993,0.9297008923896857,-1.0,-0.35708096419105156,0.8967817092185915,0.560718077621944,8.118423593318749
-0.7985752945155458,0.13017783052871623,-0.24884654526227545,-1.0,0.5216704669168811,0.29715281832050544,1.3999392413975245
-1.0,-0.21202812290847262,-0.18779209929347845,0.16564991444114108,-1.0,-0.005009330513443766,-3.160203907646064
0.7593101136933598,-0.1910551608100558,0.2559803062337755,0.5561476113376354,-1.0,0.26285704027900136,2.5703307271537805
-1.0,-1.0,-0.031909908577062884,-1.0,0.6125605876395742,1.0,-0.02662707165943945
1.0,0.11861990971070857,0.718032436050988,1.0,-1.0,0.4838429098054142,3.2951468133522286
-0.2721066971375221,-1.0,-1.0,0.43361737723106064,0.04473128093510481,-0.6998188349412782,-1.9380779771886187
-0.1695197184323682,0.702509535376028,-0.794849698565387,0.2969048610979864,1.0,1.0,7.619876204896578
0.6507102320010885,0.2085820070005222,-1.0,0.030425459086023454,0.3826032366437768,1.0,4.374781758083334
-1.0,1.0,0.9245722152140596,-0.17299967093277813,0.3308324331083565,-0.2292652581243413,-2.1775154261836307
-0.10672248962939357,-0.5346985247266695,-1.0,-1.0,-1.0,-0.3664159902239077,1.1960201084031374
0.21424756522794264,1.0,0.9594184197859225,-0.8215412176618088,0.0739185925825882,-1.0,-3.9425958162973824
-0.35828797134027424,0.426638954489745,-1.0,1.0,1.0,0.16136077002134194,-0.9522534663426979
1.0,1.0,-0.28594510643176485,0.8131562942880245,0.6049843453533776,1.0,1.845372056399757
-0.12658260992137826,0.6842827898731771,1.0,1.0,0.3920690633891892,1.0,-4.122772612148935
-0.3347665609506334,-1.0,0.10452632837309983,-0.1323549777684021,-0.16310726058524638,1.0,-0.041115688211879275
-1.0,-0.8861707065464932,-0.7364556394210584,-1.0,-0.11787024325965212,-0.04775754783464059,-4.119548921939737
0.6199298844443394,0.8638745454076284,0.9740401630193061,0.8039548259007402,-0.8746952073482648,-1.0,4.166936373956282
-0.9592462780770844,-0.5981236150113027,0.7555572477663115,-0.656426300548099,-0.8476896444643232,-0.7313615646936529,0.658767787303592
0.8964913896443247,0.3267282583466958,-0.32662342423190055,0.1845769963359326,-0.777845487885384,-0.5210633749535303,3.2988084904632293
-0.17698329944880065,-1.0,-1.0,-0.4619774577427808,-0.8823913972095776,-1.0,2.6285634509688895
0.7053160934466863,-1.0,0.8044289045997999,0.0543888658634169,-1.0,0.811116473816059,5.601779001896378
0.48696580629658687,0.25251908916753013,-1.0,0.6113385151905841,0.5465392499230475,1.0,3.3705332021619183
-1.0,-0.2734352995064435,-1.0,0.4520209706854208,-1.0,-0.7226832666243028,-2.465866483797055
-0.18491750878866936,-0.5088056626864376,-1.0,-0.3965423695822541,0.8535809337794357,0.3386011201207576,0.4150831524874784
-1.0,-1.0,-1.0,-0.10571023183377326,-0.3578929617700425,-0.6851483454767446,-1.991486338734267
-0.183173873471715,-0.6342874157774139,1.0,1.0,-0.3749768935201843,-0.46401343400061135,-0.5846221989246945
1.0,0.17818705018390668,1.0,0.8265215561602304,0.13099465987063064,0.8154916444471049,-2.793254634792414
0.10668790626655611,0.7943308345884972,-0.23040749000252325,-0.17688601744513743,0.9638362926211405,0.2344800731010348,1.1172157502429056
0.17888747278446337,-0.9573531804747422,-0.02239564726321952,0.04565517885735826,0.2187987877519526,-0.2929014132046861,-0.17182773054256617
0.5206313157581475,0.5078311278361733,0.7397423868295661,-1.0,0.5106892640255387,-0.19599483709479182,-1.588739458421613
-0.3456808940565086,-1.0,-0.08481865423877033,-1.0,-0.09858417830238198,-0.03641488131795745,-0.8890125294377538
-1.0,-0.4406920255465596,0.44848287609329884,-1.0,-0.8589903626747635,-0.6711820129823287,0.8307023972823027
-1.0,-0.5042656026474925,-0.7949736334599855,-1.0,0.7435415085394002,0.4690554749572417,0.3440551504141889
-0.7393314754021599,0.15715672470460362,0.2805688627002808,-1.0,0.21872409443617283,1.0,1.194090761837397
0.04786331404117794,-0.6159525086770237,-0.30323368300747156,-1.0,0.24919333913137265,1.0,1.9091770839452589
1.0,0.273319152706881,0.1907178577601809,1.0,-0.16066337579829326,0.6835076721111129,1.2128520634112214
-0.8130989444324255,-1.0,-1.0,-0.3685305178271472,-1.0,0.7489689047090775,-0.8637897482818109
0.48887768092721406,0.514717150529694,1.0,-0.2538090043193127,0.5148085401168554,-1.0,0.35236345759968346
-1.0,-0.7497196196791147,-0.26493130161550615,-0.24860996237661026,-1.0,-1.0,-0.0025827525152001263
-0.5256702808350671,0.004191167030698023,0.8103991963512087,0.7987323616953821,-1.0,1.0,-2.6101918886277726
0.6522642769334622,0.2825438845282373,0.8965240469629667,0.967438678176894,0.4084632421924318,0.01689968672689024,-2.2555977656110313
0.021887349441999382,0.08022506873438917,0.7192740354716498,-0.2655613820911278,0.30421204251651046,-0.8570025953307338,2.7239720675709673
-0.4196315653045646,-0.969672416278404,-0.6297773695734386,-0.2823140135965676,-0.008315424645016715,-0.20389854112634065,-1.6369610927267024
-0.06809532565450176,-0.5126925018726228,0.21132802235789977,0.06867613099784381,-0.026267618174468765,0.06731971548533044,0.5369360569434891
-1.0,-1.0,-1.0,-0.1439143414350615,1.0,0.3648548216111054,-3.276698381347225
-1.0,-1.0,-0.896514729775745,-0.5324950878250971,1.0,0.2755179391202584,-3.874255523474709
0.19032433304726581,0.6113413779767676,0.597542467082741,-0.8708591695436187,0.22119203999025383,-0.5679313778312511,-0.25413012081514474
-0.5767407879294495,1.0,1.0,1.0,0.24923265804557393,0.535718252727543,-6.861145564838028
-1.0,-0.21706154816345935,-0.21286576658339013,0.2943740562843326,1.0,-0.9529392157859933,4.779398901273642
-0.07336411678090349,-0.9626843609930001,0.05116327122012598,-0.0920740537599295,-1.0,-0.30777180923823155,1.0272026413042417
0.15744499966531866,1.0,0.6552907466314347,0.7318475824686055,0.694009508827851,-0.277245969181145,-2.2947131532204263
1.0,0.4112613245361144,-0.38640671727243775,-0.3465042895196757,0.678759707657743,-0.18834360815630302,-2.3609990295314733
0.6133591454434655,-0.352779730696321,0.24806426896041212,1.0,-0.5408591872554105,0.6152110221508884,1.678933727721886
0.42584281710808997,0.07715958693460523,0.3808406705059534,0.33840494160220236,-0.4967499493456884,-0.3335556814890053,1.0071209534472394
-1.0,-1.0,0.30395251585307115,-0.8188673592132972,-0.05660829293064473,-1.0,5.331606424354673
1.0,-0.7531685828513792,0.5146870475663519,-0.2808969243051562,-0.08442793211405075,0.16467936336356104,0.9542161817338617
0.3282264275879625,0.4171521768083504,0.8659050083333728,1.0,0.30882459982757193,-1.0,1.5557476563794668
1.0,1.0,0.49109898140406427,0.5860710799975057,-0.23602931105182395,-1.0,4.636789229487807
1.0,-0.5812433131812975,-0.12116554654433664,0.8403795323779792,-1.0,-1.0,8.711394426345597
0.05258517765155657,-0.0738236067727529,-0.5962492551813211,1.0,-0.4325038376495894,-0.09796980874134831,-1.0230594146261218
0.8232327595973538,-0.4868366191669607,0.8286365093405961,1.0,-1.0,-1.0,7.827209903636244
0.6747787030620819,-0.5897925311404453,-1.0,-0.5266983072875245,-0.6348380541362209,-1.0,4.53581742042046
-1.0,0.504685718924553,1.0,-0.053192299600674786,0.7217373205714661,0.5239153670746438,-2.3060839674733304
0.6629682876578804,0.30243650538508815,0.459287724070925,1.0,-0.9699259056568363,-0.2514495756049666,2.690882177384197
1.0,0.40173148946662485,0.7069469726241371,0.9431089973831908,1.0,0.4946512230230793,-4.900621620856156
-0.24644808237616522,-0.2663508632809022,-0.6118522070905296,-1.0,-0.15334364437121184,0.3030604544346528,-0.7403754398899565
-0.09304191808977225,0.13874392042741057,-1.0,-1.0,-1.0,-0.5386457473370995,-1.3558486625105641
0.9117606004303216,0.8483166709172334,0.7709103482611848,0.4846987741968023,0.4194069787066057,1.0,-3.157804593635016
0.8400543026807645,-0.7231885678508748,-0.12003075261767937,0.48869227913145574,0.07177106607342332,-0.21256477775065802,0.2902834079104416
-0.7890258696249467,-0.6023798069064131,-1.0,-1.0,0.7347278227487972,0.06935769819073634,-3.2277591409549804
-0.6566566483984628,-1.0,-1.0,-0.5742523092384317,1.0,0.22029759694365983,-4.53160889941602
-1.0,-0.6372669925220531,-0.7145607669720397,-0.9706009839646323,0.35243725886849986,0.8732619687941134,0.2300781025332881
0.13652711818270868,-0.7793381015278109,-0.07716336763091697,-0.3133881464347016,-1.0,0.0437631817371098,1.6622825960028929
0.5795329108597221,1.0,0.9611622049484274,0.9531393361128252,-0.6905429271659056,-0.951385358868559,2.784536277317361
-0.08067042779980893,1.0,0.27389951806819796,-0.8885672907935693,0.007417576464957942,-0.37100318301532165,-2.045732576444058
0.9141201196889555,1.0,0.8276951624930347,1.0,0.6487998677708788,-0.9154980783482874,-1.9190234555443981
-1.0,-0.312993785942727,1.0,-0.10864903812446375,-1.0,-0.14949790395102036,-2.644795283699078
0.7201313998959887,0.06651461621502208,-0.2680480754265143,-0.10110658610813306,0.9566546824072184,0.4521238782626561,-1.6256882071169256
1.0,0.26556339565114995,-0.540632313955361,0.21866151878356638,-1.0,-1.0,5.942204282184394
-0.6777560783972032,-1.0,-0.36450790631494345,-0.8917834564314526,-0.4434622793203875,-1.0,4.458143028186419
0.4776334856224569,0.10313389898113001,0.6383138086458711,1.0,0.321585445561439,-1.0,2.5349219702646337
-1.0,-0.012603623936926267,-0.032819252938792065,-0.49447738066664115,0.031539357410070856,-1.0,3.416498651723091
-1.0,-1.0,-1.0,-1.0,-0.016472359807309878,-1.0,2.3414623677418485
-1.0,1.0,-0.7233394339562476,1.0,1.0,1.0,10.035426148350934
1.0,0.26764372583968776,1.0,1.0,0.15541516355952806,0.7746778324267215,-3.107019444043466
0.40822679576842646,0.05777639216923652,-0.794228749711462,-0.7994211326378405,0.0576814056316175,0.7839128564079674,2.054778888984153
-0.142659974804356,-1.0,-1.0,-0.3378386975965117,-0.5324102691723287,-1.0,2.054556106533082
-0.4405716091203429,-1.0,-1.0,-1.0,-0.9594558464635515,0.727560090964992,1.5520800480449173
-0.3236145133407373,0.23542440829062455,0.7131236646246224,1.0,-1.0,-1.0,2.1584897401048
0.4342921325613358,-1.0,0.03171389588370288,-0.033459961788496695,1.0,0.9335488673616166,-0.5718707586091527
-1.0,-1.0,-0.8016500060692677,-1.0,-1.0,-0.6396436007553963,2.0987396683775508
-0.07145303385615631,-0.24695365159159915,-0.8925506551709608,-0.09182028145142729,-1.0,-1.0,0.9390633966599202
0.24040128407506087,0.10434325151809132,-0.6582422219932762,0.1567252872628292,-0.334682837635085,-0.83213676178617,0.6953687666647546
-0.7675194902459652,-0.009112764126105288,-0.9933641970729377,-0.17689122628255682,-1.0,-1.0,1.857270923773339
-0.19451243003396812,0.7143132478952573,-0.02808975011124415,0.34183003944135804,0.1716425833765564,-0.4285517850016871,0.5087752538729831
-1.0,-0.5392589753731519,-1.0,-0.9679521383907934,-1.0,-1.0,3.819850690090812
-1.0,-0.03726474813495151,-0.7947102823368111,-1.0,1.0,0.4516338591541097,1.9154742787324381
0.03425169793566385,1.0,-0.49079772806006594,0.9856434621481326,0.09122433366679916,-0.8674179152669056,1.9691280855507125
-0.7707164559212134,-1.0,-0.36580418045027663,0.7136671421711547,-0.4275427872413946,-0.6049174878305523,-1.4045134566437691
0.028178805258979978,-0.5180931881565624,-0.42645166006916635,0.07926775465512187,1.0,0.5169683668358613,0.3999355410824563
-1.0,-0.5341520703507173,0.6334655028429461,-0.3361985965096681,-0.24665528907152012,-0.9007747016305389,2.8827609275196537
0.8014836391585016,1.0,1.0,0.24130836688965168,-0.870707113670406,-1.0,2.82339796960986
0.3030508566599506,-0.08509365951453801,-0.11976575390281435,-0.7366320128925439,1.0,-1.0,2.6608835834351594
-0.8058809925477496,-0.08875242670921696,0.9065559539454868,-1.0,0.7266970652032686,0.6383887390522054,-0.8787523437939057
0.48893776329535255,1.0,-0.23595319827781658,0.4851737551948653,-0.3119846704565446,0.7008264453810138,2.8366311764937597
0.572492561310288,0.9306029228629209,0.844394639023001,-0.02780363930643212,-1.0,-1.0,0.5015686842435244
0.11821243766699363,-1.0,-0.06628850257349139,-0.5234362934671151,0.14486161562392216,0.1300089990881116,-0.13453232630408857
-0.5252339613981278,-1.0,0.10073086858958935,0.46196270138174483,-1.0,-0.7397942151654562,1.2839116104277877
-1.0,-0.21260491188139613,0.9089675237050086,0.41077566588553716,-1.0,1.0,-5.532723975071827
0.5554981805070716,0.7593602946547535,-0.9872384666219273,0.6534920602512265,0.9833278254453798,-0.244398558994976,-2.8029113759327884
-0.2830884049561632,0.024573551277823846,0.8521167424984246,-0.5302334347777788,1.0,-1.0,2.1176848192921818
0.07923557018170568,-0.39595075823937115,-0.528345743115119,0.9643262153948753,-0.006467112055171809,-0.3641015585230324,-0.799189254383821
-0.6789219353712854,-1.0,0.6896674589864593,-1.0,-0.009949206471688787,-0.8890650082129232,6.033539583784947
-0.9713128603679455,-1.0,-1.0,-1.0,1.0,0.16410915754771183,-8.229957828053717
-0.34528065505006844,-1.0,-1.0,-0.5150138583766366,-0.025587685237282498,-1.0,3.0426358613933706
1.0,0.33696600383204706,0.6812202130550125,-0.6366291245111633,0.18955202931057913,-0.3500011358990659,-0.811794311720937
1.0,0.3360330195943766,0.6810131995586337,-0.09625909352078399,0.06970281476109597,-0.3170261492252428,0.8660767011978173
-1.0,1.0,-0.0799348840572509,-0.6599257889132015,-0.2144667748552005,1.0,3.5613547100759146
-0.9802257722192308,-1.0,0.013359416683042746,-1.0,-1.0,-0.19744444117234425,3.282238411779285
1.0,-0.0008875125092256964,0.8989168813712587,0.29133369332935255,-0.9070019320042828,1.0,4.090808329309648
1.0,-0.4034166503371497,1.0,1.0,0.2568556299660747,-0.48554146767643186,0.3917060938739434
-1.0,-0.18189340182074953,0.9698154139815385,0.005441067639911389,-0.6747409373261781,-1.0,0.3345030930952793
0.1595409256920134,-1.0,-1.0,-1.0,-1.0,-0.8143741825102528,5.314008142162809
1.0,0.0172486005343776,0.053978328782501306,0.42482473377441377,1.0,0.931049500297973,-0.21212957726201212
-1.0,-1.0,-0.323296492267648,-1.0,-0.5228699382980135,-0.48917536604255485,0.24220880427691205
0.04538220154683159,-0.6727563228499565,0.548892520994705,-0.4011348809897872,-0.2300202919237363,1.0,1.1775305943703802
-0.17092783479587847,-0.462717236979323,0.8943123721166657,0.7759058849052243,-1.0,-0.4856307484929918,-0.4128750986604892
-0.039123003130536196,-0.1585279108126434,0.06273860051379793,-0.87389445081452,-0.595858466059167,-0.9957714946456675,2.910038407274832
0.170104328152073,0.4034275190993264,-0.08772767353617913,-0.5907304316764135,0.7583426105430362,0.008554245338429745,0.4873777873618981
0.21549913030275603,1.0,1.0,0.6563123167262155,0.15572835995435852,0.247635528701043,-3.233413243339289
-1.0,0.07838801771284332,-0.09746368971374975,-0.47601822556490747,0.10727655213684684,0.04665916610732401,0.1239916070641077
0.9092175762712529,0.49737898902321254,1.0,1.0,-0.15372008178744978,-0.23238980586721825,0.35783316997942605
0.009490946422020086,-1.0,-1.0,-0.48703304992778906,-0.27804971997975875,1.0,2.819279720765536
-0.8065199865269579,0.8391640679707353,-1.0,-0.2503482443724452,-0.9063466731726711,-0.7884320198353059,1.2137841548323256
-0.45700158243288735,0.8875696523948168,-0.07966631102058383,-0.25351730910805004,-0.23081106998240303,0.12743206442766664,0.8418176569994242
0.038226661860383385,1.0,-0.32743384397859193,0.49966603603050874,-0.024427673472197986,-1.0,2.6498009028626197
0.7230878583740576,0.05175192857464783,-0.11828178348763996,-1.0,-0.2517917196446464,-0.6805152696657959,1.4252652391257528
0.17091947527480378,-1.0,-1.0,-1.0,-1.0,-1.0,6.806246704003903
0.04614134847609175,-0.002040493418868583,-0.7875330061587036,1.0,0.5437149346886865,0.5401982030796177,1.488764124369402
1.0,-0.13532097790330058,-0.1129207283225741,0.08050031221085094,-0.151750355766487,0.610222638731831,0.5490740912993536
-0.9554710524278507,-0.022048436417767325,0.3332657981142091,-0.019603971360561967,0.611847302635842,-0.42754456522775763,2.0928953021513683
-0.6365352455644124,-0.9138707622078722,-1.0,0.27495847328442047,1.0,-0.3009829663994782,-2.0922166626569876
-0.11703189923316443,0.7942369394785307,1.0,1.0,1.0,0.14482864205353047,-5.536119104645688
-0.2862543311481749,-1.0,-1.0,-1.0,1.0,0.9796711337714528,-1.668204609465534
0.05019724427712852,1.0,0.48059663984108647,0.6527898140990795,0.24850469813109666,-1.0,1.5085617100347157
0.09465022044125176,1.0,1.0,0.34063661623732466,1.0,0.8919594746498924,-3.5498419547894677
0.09845582144857534,-0.14856928875832134,1.0,1.0,-0.7190827873829422,-1.0,1.332457257420599
0.6485372617856655,0.7386641883838199,1.0,0.8058163177742428,-0.042676130264739376,1.0,-3.7063537266870776
0.8964602399051442,-0.6981795464577988,-0.20583266670755976,0.3330871222160009,1.0,1.0,-0.30191824491807173
-1.0,-1.0,-1.0,-1.0,-0.8680898924863774,-0.9510061173038754,3.9746864887124373
-0.527010284597558,0.2623313511317992,-0.12730064034850896,-0.7915765661935168,-0.6545460208342434,-0.26472254285465535,1.0259033311500831
-0.45646749876248316,-0.15705989501530448,0.27788217101063994,0.45943937428995224,-0.4326545982584147,0.0762137977538464,-0.5305267544140264
0.050965682146201764,0.7767032866885177,-0.8310096929101536,0.45795431990333335,-0.43199852460444704,-1.0,3.5539940272089376
-1.0,0.4770969288839266,-1.0,0.01703490770187377,0.9453613181652127,1.0,11.225703873779738
-1.0,-1.0,-1.0,-0.38944167928023066,0.36741743150209794,-0.5330140618047507,-3.3544225217688557
-0.7843670781770262,-0.723313320949349,-1.0,0.3002019244290936,1.0,1.0,7.027443270546446
-1.0,-1.0,-1.0,-0.555158535023969,0.8488526647756628,1.0,1.6063649246732143
-1.0,-1.0,-0.34858900771626633,-0.12418091760282546,-0.8448992968109414,-0.6088730292114417,-1.4552064113694536
1.0,-0.9312930702320268,-0.5038216160272314,0.8765059646162162,-1.0,-0.033344701004527355,5.291089807264009
0.42593448549103097,-1.0,0.07796897758543253,-0.6280307484206851,-0.20298740652986869,-1.0,6.833528333169868
-0.018572360652179987,1.0,0.6753864585765544,-0.06221948066444216,-1.0,-0.17982915118364984,-1.826396591080652
-1.0,-0.9132935932061208,-0.5457978725676523,-1.0,0.18160260052441543,0.6522311247605357,-3.424220828813626
0.6989035810835911,0.8579395568590604,1.0,0.146251980365246,-0.6715520256950162,-0.23279690540148124,1.5277063530874315
1.0,1.0,0.970256562831346,0.9178666686046124,-1.0,-1.0,8.087320001167798
0.06714210939390208,0.3613885233401457,0.37282348112512553,1.0,-0.43118381250958016,0.10921733504018259,0.27261377321247166
0.49050283327325284,0.5965412821527623,-0.3369395561235667,1.0,0.6407990709598341,0.0507474526392232,-1.1577784437776473
-0.6710986192339029,0.03905531302630194,-1.0,-0.14012525786542007,-0.17847557577635198,0.5081246920622213,1.916713303722188
1.0,0.6977069433914436,1.0,0.7143265677254989,-0.9168305048098859,-1.0,7.255750990135885
-1.0,-0.7686695240504513,-0.19947501854431193,-0.6255031437120244,0.8856159882806203,0.04378171265244868,1.730179004288459
0.5451927696201251,1.0,0.7962611485924338,-0.42001739176419817,-0.25094540388382197,0.6244534269801432,-0.6923996392907357
0.5506951371063082,0.7541732621791972,-1.0,0.3308807795979397,1.0,-0.5724375349736608,-1.4700262429325002
-1.0,0.48547986870581106,0.2619460621120797,-0.744260064779982,-1.0,-0.5528167814670717,-1.959303859367259
0.27994653260346597,1.0,0.6139598442149493,1.0,0.299626617991005,0.2549415070744381,-3.5805277135516795
0.7285835606088216,1.0,1.0,1.0,-0.6372873807490154,0.45221236086846606,-0.3805913265874932
-1.0,-0.5576105494190462,0.187745921420838,-0.4335314534664443,0.2970955541159911,0.12240001648776391,0.9448250048120335
0.18975597411323253,0.8878835742633604,1.0,-0.22516218690086715,1.0,0.5150929832520703,-1.5758000085329051
0.5170863227680733,0.23715586781228887,1.0,1.0,-0.3884009427170738,-0.833481912829065,2.136359159763142
0.6871626852073811,-0.1344191633607726,0.4486169561552321,0.8482237682761995,-0.07343627544272327,-0.8681561779657576,2.671255713829232
-0.3228381781617263,0.10532646608250887,-0.48070783406860307,-0.06996696610259157,-0.8705927641851257,-1.0,0.0644804522353093
1.0,0.9069126049392473,0.9066180818710232,0.5323528849567949,0.15609320669306054,-1.0,1.3321520057467697
1.0,1.0,1.0,0.6131110710696532,0.14223018873145593,0.12353496019513932,-3.474320253684854
-0.5496727372343413,-0.2788576817829256,0.20165041085713273,0.031187512745825097,-0.27730147861218035,1.0,1.1806596430298437
-0.33171990506796317,0.8007054961953722,1.0,1.0,-0.7723820335116653,-0.0020043184340379216,-2.031333866615621
0.9906698853298915,0.8685206904679105,0.23731137635436395,-0.8747562175278576,1.0,-1.0,-1.0777490104733747
-1.0,-1.0,-0.032000867248262815,-0.369487331038301,-1.0,-1.0,1.2795632647494457
0.5097946156166082,-1.0,-0.2511804057753073,-0.834121280692899,-0.1742658079013446,0.3034410677263995,-0.12220476770588917
-0.3342252991457084,-0.9447248701141995,-0.6114245992292326,-0.3368855371555606,0.07857259929696336,-0.6298335706961149,0.5382276260161305
-1.0,-1.0,-1.0,-1.0,-0.5462818696481715,0.27701850888427415,-6.64447633013665
0.6076230226700362,0.21474311234179794,1.0,0.8515655527822202,-0.4020730373079364,0.3906608789564658,-1.4868425251748034
-0.111556049237934,1.0,0.4822848974594287,0.9700598519366184,-0.41055018008295985,-0.16577852447986152,-0.44287976840118753
0.18972642108031937,-0.6433266307219802,0.05594618344555635,-1.0,-0.36018049260407664,0.37639112355278553,-0.35818524172229793
0.02530731210108561,1.0,1.0,0.5396381402638093,-0.5242293400172817,0.00469119853315117,-2.505773763949326
-0.10389811410791716,-0.37121539101552403,-0.25845878648829734,-0.6298873681398292,-1.0,-0.16288768557431288,0.6875988988933508
0.9228737062313773,1.0,0.42997185030289764,0.4580991469745045,0.8767631128092941,-1.0,0.17971728251564162
1.0,0.04710105920512403,-0.7152364958718622,0.5843110423038566,-1.0,1.0,7.499778579802132
-1.0,-0.6965006934645113,-0.8812412287800757,-1.0,0.2401882289328996,0.6936843012415095,-2.7358125074835695
-0.8520250988669835,-1.0,-1.0,-1.0,-0.43581827266750056,0.36690858734023635,-5.316451431716969
0.18619124572569656,-1.0,-1.0,0.3800120641951185,-0.061340684125539835,-0.13662688208414564,-2.6936269641359876
0.39858258255673323,-1.0,-1.0,-0.5320074939871481,-0.03146250068971934,0.35051511521281475,-3.0648365566909455
0.5737560569975662,-0.5718821490470284,-0.6682975135817965,-0.3517732488413855,-0.846322248117285,-1.0,4.992185709506156
0.9345490350493619,-1.0,-0.36042497339009566,0.016635343912719813,0.346049657812335,0.8410496469158029,0.22501192243384915
1.0,-0.0753601876881046,1.0,0.7484128890796824,0.381591954438041,0.39980753543472247,-3.5311555626583684
-1.0,-1.0,-1.0,-1.0,-0.19542202141836595,-0.05835268161332263,-6.045193071025773
0.6978665954536026,-0.903966285875168,0.9785208270012095,-0.6858070943185158,0.53496894126632,0.9446922420714245,-4.974415861469988
1.0,-0.34597633353387275,0.4531275398210973,0.8779552365192518,-0.886130306665085,-1.0,8.806301187114448
0.21100792393000103,-0.4371642452439336,0.22242561433397615,-0.7456864284822642,-0.5102848959080113,-1.0,4.560816110709864
-1.0,-0.28707766457357836,0.9234685742165077,0.8876338009837116,0.4095926743756511,-0.1026423689425362,-1.0218613528778124
1.0,0.6702415102520591,-0.10127558824154392,1.0,0.7902394419313432,-0.9983734698087477,1.426300115569351
-0.2925885013252303,-1.0,-1.0,-0.7695105435127749,0.9285577033815509,1.0,1.4446289175597973
1.0,0.13089043950741797,0.7684446611201106,1.0,0.631598013887354,0.4920695133494724,-4.016666130635829
1.0,-0.7957717072908346,0.471973330613339,0.4841713178527902,-0.4152187077663744,0.7313044202708732,2.2024901264558325
-0.7825592563824381,-0.9719162616645548,-0.2797182090954753,-0.589486439596538,-0.0850189978331446,-0.8786673702219627,2.2215465293616865
-1.0,-0.4536791190579642,-1.0,-1.0,0.28607186782897,1.0,4.012569471443686
-0.08487448135492776,-1.0,-1.0,-0.8671565630217881,-1.0,-1.0,5.74987289426684
-1.0,-0.9120072453223131,-1.0,-1.0,0.7429751113334561,1.0,-1.256351670975143
0.3514449006382873,0.6562109796180176,0.3843317980801738,1.0,0.06766075292100554,0.01194617135269524,-0.8161883213729088
0.6262698272422441,-0.6541932604908869,0.1714430173088452,0.9031515681673707,-1.0,-1.0,8.158691683834622
0.27172778785304064,0.8773075987461535,0.12157203528363864,0.7840021175778755,-1.0,-0.10999135611552968,2.102231850938971
0.49423412520661547,0.13355185307764245,0.4021548157716224,-1.0,1.0,1.0,3.4978598173074764
0.22965500465924404,0.9423785951887775,1.0,1.0,-0.02723881457166466,0.7622858110965147,-5.58581006288987
-0.6211523411948277,0.5562104339704835,0.680114590421038,0.77145474501182,-0.8874064676946665,0.21908697325991128,-2.3519987345037117
0.5869836233658421,1.0,1.0,0.5926276578014553,1.0,1.0,-5.793624753827097
-1.0,-0.34702679006442416,-1.0,0.4832595113237259,1.0,1.0,8.912506258211033
0.24845165836940075,0.5734357456569109,1.0,0.2471940684625335,0.26190040554949445,-0.5215083443911033,0.5235582501503748
-0.3116147388457742,-1.0,-1.0,-1.0,0.007988586725886093,-0.08840148157664429,-4.730331254356941
-0.8007511243034888,-0.45431095995989956,-0.46990226248418726,0.951568040454052,-0.258519713079957,-0.9020582799364696,0.9787014721225634
0.8516559886051029,0.5279579039314791,1.0,1.0,-0.84743854398873,-0.46249542784997455,3.6387060272818506
-0.9783697283773234,-0.7788735171026839,-1.0,-1.0,0.6197154837703545,-0.21910903411692675,-5.265599031527617
0.5827037755697254,0.780885491777244,-0.05454972055667903,0.6162646530448407,-0.8673222942007286,-1.0,5.208822755516411
-1.0,-0.5179965227072062,0.5170021142179927,1.0,-0.0905000695167725,-0.21613965082092346,-0.506613226136464
-1.0,-0.8655200971046635,0.8297108907798305,0.7052638288745843,0.17637778567874585,0.259101589459239,1.0812077941843548
-0.20563364850184285,0.10933605436024385,0.11225661953863793,-1.0,-0.8775431624779336,-0.3983465602287613,1.313332421886917
0.5506446768568902,1.0,0.8697699742763436,0.8727123308095401,-1.0,-0.3845228593616099,2.5015671267767154
-0.48749768270211924,-0.20938408158235874,0.4558114409920034,-1.0,0.07027860882689513,0.5037369186592014,-0.4458724801609283
1.0,-1.0,-0.10323527452493275,-0.617569045028183,0.6154067372170335,1.0,-2.4927573426278133
-0.1518652035548067,-0.413684298811665,0.7637172239273491,-1.0,-0.31048390140602944,-1.0,2.794899001878693
-1.0,-0.7350574556442009,0.10726592476715924,0.35587270833431717,-0.7193315484035866,0.3705190216873368,-2.1166127556580454
0.9125683702301107,1.0,0.048504069674072586,-0.9659158838630948,-0.5710391084525399,-0.4416075809706792,4.362439567574139
1.0,1.0,0.5445072871376857,0.6381434829224983,0.005871079801064216,0.27772381643281685,-1.9796361410956842
0.057337120396081076,0.5494886906397958,1.0,0.9505526175383731,0.7695054594061772,-0.4964647455491691,-2.0010194087621547
1.0,-0.1730688387984312,-0.9597644164312413,0.9062498316866121,-0.3707097794296337,0.12256737099528381,1.6036002984455089
-0.663013771441384,-0.8931522033830204,-0.16387542144741443,-0.9824416328416556,-1.0,-0.07872485580800714,3.2810474012585886
-0.35769621529416257,0.08040724774429947,0.30463896613602487,0.6511884521859376,0.029308766904412198,-0.022492042976374416,0.30722850722225914
-0.5946299001510779,1.0,1.0,0.3556254781899887,1.0,-0.7005713978374386,-2.295325054722402
-1.0,0.0045262007167271995,0.7598182622998654,-0.24875956644570807,-0.6919058397596882,-1.0,-0.4050460488845008
0.9339530624829002,1.0,1.0,0.260918058955399,0.8482663004611931,-0.4557830462320279,-3.412729803039691
-0.40274476340857507,0.4393781343992327,-0.5276442628699479,1.0,-0.9911457256019149,-0.42205697976958123,-1.0411729347094427
-0.34413852936138184,0.31597283368066376,-0.10304600290259286,1.0,-0.3816736565940342,-0.20472710993935617,0.5871777383956978
-0.9829977415697518,-0.8998560013842789,-0.2409928254175139,0.8815092391262156,-1.0,-1.0,-1.3474078746247937
0.42771649210171825,-0.32558834847327983,1.0,0.7714480566849469,0.6100013414207615,-1.0,-0.6788264014079735
0.2040204593407942,0.39319832714314285,-0.7664796539286914,0.33197590771778496,-0.04866714917396686,0.44117627482107324,1.1901455696916305
-1.0,-1.0,0.380266618640133,-0.46496367544933204,-0.19312599496428873,0.7618120672179561,-3.030854554769865
0.6095079190461478,1.0,-0.18670443963730765,0.34616552812918033,-0.6744661716534703,-0.26103839617589863,2.262466887034696
-0.41425347002962676,0.5104334875878274,-0.7070117028500699,-0.8396499281991041,-0.26561257700980123,1.0,7.149149520481413
0.8778452449059442,0.2978329221516918,-0.27751500345646685,-0.5700576401333862,0.6184155720724733,1.0,2.0644496680286024
0.8276057506313502,-0.7335468468623817,-0.8391447708736604,-1.0,-1.0,0.5805254243403153,7.692235593021902
-1.0,-0.6643090930513127,-1.0,0.7062430295145133,-0.5848761940110947,-0.24560658063468221,-3.7430702990343954
0.4533784264275772,1.0,-0.5356916674262083,-0.3815871042585307,-1.0,-1.0,2.673689718752872
0.1441355502774836,-0.737814064816424,-0.989394511505739,-0.05491859126015752,1.0,0.6390504095201883,-0.2165384411122288
-1.0,-1.0,0.23303602757939823,0.5298146560812358,-0.6354213487420748,-1.0,2.041028223710234
0.4980279692434016,0.5234728023554597,-0.09832320913418147,0.1591556253135225,-0.6331754495819567,-1.0,2.7257548614011764
-0.16986089108271862,-0.9989214791244776,-0.47677839903340663,-0.3045911882746148,0.7186928361940317,0.6136491264315841,-0.4024424539591231
0.9304101769261193,0.30586024492357233,1.0,1.0,-1.0,-1.0,7.989254826178848
0.9679840051443007,1.0,1.0,-0.018687203208993752,0.1653345483754871,0.9355971929271667,-3.4343572234468924
-1.0,-0.01763702414909929,-0.26848180160839374,-1.0,-1.0,-1.0,-0.5470916622167482
-1.0,-1.0,0.22823238784545585,-0.06262037157056155,-1.0,0.7835726197923887,-2.659725067896797
1.0,0.007280501438235998,1.0,0.5844584171939997,0.40734842111787817,0.6946315555773399,-3.743371533846828
0.9192933128303529,-0.22051940282309723,0.7178373515218797,-0.21738986327884707,0.2703739825169078,0.3222996278310354,-1.3144885515931648
-1.0,-0.9163923645025511,-0.37857748916693507,0.11156640806805651,-0.2044747440913155,-1.0,2.664426739865703
-1.0,-0.1174436328131917,-1.0,-0.1745952808471285,-0.31750470662301244,1.0,6.440288774025531
1.0,1.0,1.0,1.0,-1.0,0.354654644127087,2.789116889720516
-0.17805184992752465,-1.0,-0.4687350356589065,0.11794219717305343,-0.36330464585485805,0.9656170021421226,2.393842914723013
-1.0,0.626458989742858,-1.0,0.2387136642799505,0.9947868541394578,0.33316482929994873,1.4556049218912102
-0.5980182300076853,1.0,0.3663429445892351,1.0,-0.4623529999855711,1.0,-2.4813361401059852
0.7209416926089268,0.29476914039672003,1.0,0.8381875367693892,-0.7318285487082146,0.8598129169295043,0.052946528566478177
-1.0,-1.0,-0.10904036832620312,-1.0,0.34674217101626714,0.2636337418619317,-1.561086623810045
0.7832103785838104,-1.0,0.5935625300266008,-0.8471764200015275,-1.0,-0.6676383951676146,13.419089133983862
-0.18250921807588272,-0.44748212345217464,-1.0,-1.0,0.2940403456573797,-1.0,4.3769360163650015
-0.24769073121648194,1.0,0.32227705881764385,0.49790049239121215,-0.74463313208914,0.6625474992037117,-0.7016164386034509
-0.06831807629553405,0.6770090031529303,0.3288126978948772,0.5204889346944908,1.0,0.8808398987148964,3.557854376830429
0.6167050528532484,1.0,-0.003255456388102762,-0.3374759471017432,0.5796513754718001,-1.0,0.836729521793923
-1.0,-0.2336507223340139,-1.0,-0.2882059497448901,-0.10544043744109449,0.6121511839727669,1.5832167949801172
-0.6937955329695693,-0.028644400807881665,-0.5428062402981166,0.1577550927217533,-1.0,0.5050716815819861,-0.4291335692313619
-1.0,0.4582357437322384,1.0,-0.3064899328837153,-0.33464288189376956,-1.0,0.9552083692807682
0.6346145336155066,-0.03170289331394782,-0.8024276489440826,-0.6077742119122509,1.0,1.0,1.6383709425236055
-0.43113554056230385,-1.0,0.03358515623693126,-0.9113826147554709,0.09232653777767474,0.4681604957842498,-2.3211935029826556
-0.33780729029359124,-0.4109390102984786,0.387284672911414,-1.0,-0.5369659483819234,-0.5797899153635906,1.329077295072451
-0.6607123837471425,-0.17535060675757164,1.0,-1.0,-1.0,-0.23292444643640134,-1.067677710511201
-1.0,-0.7032963978758034,-0.2276791174878276,-0.21907782891762106,-1.0,-0.3654471999972442,-1.471712477129554
-0.7309934598385395,-1.0,-0.03624154414578129,-1.0,1.0,0.6477459528142835,1.4045165569300084
-0.12316758612192052,-0.125704732463632,1.0,1.0,0.2320640576378739,0.833613980126253,-2.169810139254091
0.20070420885154316,0.7808293253863825,1.0,0.9562578163050903,-0.3743764038044723,0.08323102440430652,-1.898293327331606
0.5709731605173455,-0.051323728500053366,0.005767387697892423,0.29164950404363343,1.0,-0.6464824454766491,-0.5150884423046956
-0.32493671262969814,0.21709381273882072,-1.0,-1.0,1.0,0.4923468218101388,3.708950252154671
-1.0,0.03486272264721202,-0.15174793132108516,0.43703092595118576,1.0,1.0,6.9895501727247344
1.0,1.0,0.32875748978215946,0.6800972917283183,-0.5562503280804313,0.31709372647317435,2.141924909318494
0.6687391073720411,0.5089394953403862,0.1312385132547726,-1.0,0.74766426206692,0.31692164120697636,-0.09646563923247292
-1.0,-1.0,-1.0,-0.32148586243048616,-1.0,-0.3965020223124831,-3.4657767527184062
-0.4419864157836553,-1.0,0.2281353455575189,-0.929094250916524,-1.0,-1.0,7.86723810038817
0.2878627504713014,1.0,0.7033114470050457,0.9109902453469563,0.0193985081893564,-1.0,1.7293504515921252
-0.40661055702646726,-0.6490125687198599,-0.18756863534219403,-0.4427699346233196,-0.46164320391499136,0.2487357116907723,0.028007855996060704
-0.017359473929025926,-0.7896574551158131,-0.2579068864837408,-0.6895924303528711,-0.4215013983826308,-1.0,4.244740920524987
-0.6929372875733739,-1.0,-1.0,-1.0,1.0,0.23411901234698085,-6.249432356700851
0.21072232432718377,-1.0,0.5418888697966024,-0.23909374696398972,-1.0,-1.0,7.467993079199688
-0.5319891177306054,-1.0,-1.0,-1.0,0.197443974351174,1.0,-1.900253082255918
0.1905917195918383,-0.5688018631611766,0.7328675869249968,0.48091601718401966,1.0,1.0,1.1596504393504314
-1.0,-1.0,-0.2103940110858047,-1.0,0.1060476140440677,0.8501482082726803,-2.8127213832450253
-1.0,-0.732697445353933,-1.0,0.05989969956759955,-1.0,-0.11458346511119114,-5.059989844235504
-1.0,-0.24810350294288208,-1.0,-0.6936880825459529,0.02416630222680738,0.1654297900020025,-2.7943238316571426
0.3597226705594566,0.3440131345194849,1.0,1.0,0.3176784234307634,-1.0,0.37468816817827694
-0.16967440362368613,-1.0,-1.0,1.0,-0.5350839916850545,-0.24876204895575782,-5.8098247721500975
1.0,1.0,1.0,-0.318788468631521,1.0,0.9514852351722298,-4.556104824574907
-1.0,-1.0,-1.0,-0.8674129426495654,-0.37221812312581815,-0.9705041977233793,2.0706925806438945
0.7174842866225575,0.888857474795798,0.4353168221547514,0.7928950103370324,-0.44638832417506796,1.0,1.9079799753083173
1.0,1.0,1.0,0.5757924752094284,-0.3768620608534957,0.38282057528112834,-1.378405186886292
-1.0,0.40388625430318925,-1.0,0.05635774417512991,1.0,-0.7422333021473423,2.331892501549818
0.007457171785924088,-0.241748266747085,-0.5340227970789548,0.5298195002745127,0.9580190215977398,-1.0,0.8021296365061603
0.2047657614890357,0.6025169844672773,1.0,1.0,-0.3718182392784768,-1.0,3.0068164083038145
-1.0,-0.2325133568034734,-0.4230589302100759,-0.007207073866999092,-0.3538325306111234,-1.0,3.0591680873481213
-1.0,-0.40066924212679056,0.9849275921725059,0.540092870804204,-0.04824037979569229,0.0732708821095906,-0.7965080017460251
-1.0,-0.5516677136727087,-0.42510334765697433,-1.0,-0.6298472571908207,-0.885495494487331,2.051218104040366
0.6296441717728658,0.5084060709078806,1.0,0.6798591810355421,1.0,0.8612225447740414,-3.778161185869665
-0.8543800547175442,-0.9963567197069748,-1.0,-0.11344964000855262,-1.0,-1.0,0.20179015312154858
-0.09754036093672924,0.7307191604530288,0.05078458471750491,-0.10712507858192902,0.6149393715825937,1.0,3.9277098618588804
-0.8690079063604125,-0.6371507998194601,-0.819774902398948,0.14382397817585224,-1.0,-1.0,-0.2611330360513532
-0.16551729742644739,0.2230033247840122,-0.45223035511445264,0.7956742653269968,1.0,0.8502300588850418,4.886708408136713
-0.1299597827760346,-0.7061125713561676,-0.5272275433675018,-0.6261832478947917,-0.410930505490139,-0.8168592724407667,1.6327227301291019
0.6396623562330135,0.19769630995636933,1.0,1.0,-0.7677980722789803,-0.6429466081068688,1.5494202011194158
-0.246336389230427,-0.41445547202706323,-0.7229695444109858,-0.9228565583711645,1.0,0.19545649160048387,0.3882588228723421
0.5313243191146951,1.0,-0.5433825712262512,1.0,1.0,0.8553191237766546,1.6843506195958728
-0.05400436341439252,0.09124739858105022,1.0,-0.15256916298098921,-1.0,-1.0,0.5100068991829636
-0.28980136281506874,0.18760886297702803,0.5602138997733364,0.1848797724035397,0.43798469097972825,0.32544197582139045,-0.8406504874238598
-0.5861818803296934,-1.0,-0.6220487148188776,-0.5504231538628681,1.0,0.6104654257116291,-0.32119002580443523
-0.934067771243932,-0.5133950985932892,-0.4692610978952412,-1.0,0.21119642035913477,0.9885430464150196,0.4621192723588341
-0.4470451872483692,-0.9717026623104099,-0.031071743708140143,0.06277107335168641,1.0,0.2549901567421665,1.7156879758868375
0.3766613184823794,-0.4872108125503964,-1.0,0.4688296423550733,-1.0,0.35398156572500283,1.9833449571630566
0.3048618837574263,0.02325794483876309,1.0,0.22155727461670344,-1.0,-1.0,1.7188107550756508
1.0,0.04768806043266155,1.0,0.04513914229735316,-0.599247514732293,1.0,1.0762226892470481
-1.0,0.5228386753947426,1.0,-0.22067155917482972,-0.9183379639922519,0.8846588556649815,-4.595734283712414
-1.0,-1.0,-1.0,-1.0,-1.0,-0.2898218771396568,-1.7912903954334702
1.0,0.5922980928345382,1.0,-0.4666881303088144,-0.1010168655307303,0.7054232814429375,-1.1243294933160441
0.2441141342134256,-1.0,0.7744675216794301,0.18876113308943154,0.7342353014465938,0.6969775734795236,-0.2034640827181758
-0.23377341608845426,-0.21461293186159902,-0.509810179370735,-1.0,0.5884420336336451,0.4948369790982099,1.3128708897318144
-0.06641453687387167,0.14193674031712555,-1.0,-1.0,-1.0,-1.0,1.2357128999082116
-0.34991286979541214,-0.6341354416046271,-0.7053836849479237,-0.9808015087542247,-0.17344456827259125,-0.6239471951915738,0.35573832013606976
-0.21519941805238074,0.3981913600319118,1.0,0.25462698661663086,-0.982087692980842,-1.0,-0.9743210956435064
1.0,1.0,0.6510669749762128,0.39131396402985574,1.0,0.3692721628671749,-4.723393468215666
1.0,0.7620898185393017,0.45917594867756073,0.14307062345563115,-0.306193426459965,0.3554373255733004,0.5006980180805511
0.7695413584927636,-0.5759398643995225,0.8831426581554,-0.7059711814299907,-1.0,-1.0,8.550740325664943
-0.032649921104502405,-1.0,-1.0,-0.7350341098699154,0.2768062032185922,1.0,0.7474862132107245
-0.23735474366262044,0.10718890543860249,-0.19892472568123254,-0.947161733466559,1.0,1.0,6.74629079207922
0.9956634422808541,0.4246082937408191,1.0,0.6167078401617461,-0.2450379284000612,0.49000358565196334,0.45094021084650404
0.1943299449393764,-0.9724771759745646,-0.8273472245796016,0.6952573988338625,0.16991623626686836,0.7682264862917954,1.7526576237582898
-0.7849511762717506,-0.2501526738900538,-0.09899131649523252,0.04732529491401272,-0.4152858695223365,-0.6466998873263785,0.31128864189439176
-1.0,-0.7676597955805997,-1.0,-1.0,-0.16602368991887229,-0.1734602025410833,-4.044532938164448
1.0,0.8853242732795186,0.21224656588882607,0.8015197486498404,-0.2305010063959062,-0.5437239266824929,3.3516982446978068
-1.0,-1.0,-1.0,-1.0,0.6374819527860276,0.06727572505083601,-8.57193719247352
-0.9341332897657877,-0.3575211261937403,0.8775567791830582,-1.0,0.5579649263187563,1.0,-2.703260891763698
-0.2534236883939741,0.16535858945547444,-0.22168365983635102,1.0,-0.9101142940342847,1.0,3.0526074532762246
0.11887531042830639,0.04087616477148348,1.0,1.0,1.0,-1.0,-2.7249352393031425
1.0,0.39590488361961507,0.4897960446406019,0.4186473078522364,0.8327019247551009,0.20420235378527474,-3.6270328976029105
-1.0,-0.9934350790396553,0.03213279731786556,-0.893539337096279,-0.19437951116601132,0.3551072450686922,-2.350341865804651
0.6692395385540653,1.0,1.0,1.0,0.5154207826848072,0.22164779715656321,-6.566653063841785
-0.546165444059209,-1.0,0.6455923006968227,0.494360475255018,1.0,0.747155358538869,2.317661291288825
-1.0,-0.01106018387378227,-1.0,-1.0,-1.0,-1.0,2.626960604115708
1.0,0.273612885402685,0.05572428729878631,-0.17548812627528507,0.12194926353945296,-0.6580340115574097,1.2817367635045964
0.5585120846564153,0.650808287188803,-1.0,-1.0,-0.8149309375050212,0.15583284559319124,3.596795884022212
-1.0,-0.8277457937563633,0.7559393169287408,-0.04578984490433202,0.6302648157569202,1.0,1.0119910630726816
-1.0,-1.0,-1.0,0.23072063739768256,-0.5060502117053717,0.08260011694798708,-5.525172951276368
0.3089527554773529,0.5944380321840863,-0.2746774085420122,0.6735242948847604,1.0,0.6069697742033837,1.2062276900899886
1.0,0.31157085349409275,0.24302534835598122,1.0,-0.4801616541916463,1.0,3.5278884293326547
-0.7408810836241847,-0.9715535244662993,-0.052428513119240905,0.7212719024023023,0.08463926316066789,-0.09488408313853758,-0.14923766229014063
-0.42266634644955126,-1.0,-0.4092169660859042,-0.3945281538291747,0.9073884489894359,1.0,2.591801174961578
-1.0,-0.9243413205446231,-0.947715695320825,-1.0,1.0,-0.5380876947762252,-2.606667409618788
0.08178649510964375,-1.0,-1.0,0.128037516380055,-0.7666609198581409,-0.03923027662782597,-2.0268106693422068
-0.34352548197254024,-0.28374089982223016,-0.8726741042754991,0.5702500866579729,-0.17522579600010818,-0.9834138990178066,2.090332413145833
-1.0,-0.7215843141664545,-0.35391202386444687,-1.0,-0.7333521353870911,0.4209913915698587,-3.0547727155282054
-0.16352872654844314,-1.0,0.3595662066861883,-0.9992554458982017,1.0,1.0,1.3143622809863509
0.5922516372199575,0.37971334137926466,-1.0,-0.7251514148525576,-0.8612989837594838,-0.5879370674240886,1.698368933972699
1.0,0.6010404235271745,1.0,0.3932174329905668,1.0,1.0,-6.234944410804844
0.6882003212380272,-0.4568093876861863,0.07978580979921995,0.26580953533263374,-0.3658609035415348,-0.35924438661277025,1.1541063219696563
-0.4134880229728615,0.1934292346663946,-0.621048516777453,1.0,1.0,-0.09005453824193332,1.4985364517546442
-0.22564721667257126,1.0,-1.0,0.10058103262733242,1.0,0.8711731453873568,11.095890898598466
-1.0,-0.11308810368479694,-0.6651849314156371,1.0,1.0,1.0,9.234738596938744
0.36350445528918596,-0.8326428369279946,-0.18298216595829653,0.22427609190831999,-1.0,0.6599702119300356,2.7596468924048487
0.24472434835877882,-0.3994467970930175,0.4231169476971114,-0.11560348447777136,-0.8651232405468675,-1.0,3.9351474365741694
0.1693403567507461,0.44973154937592774,1.0,0.07270680766237603,0.28132520115607207,-0.1641226468860929,-0.7599309594880347
-0.7096009291358131,0.38192979304057323,0.8624920046319771,0.20108150431385774,0.5482588175970835,1.0,0.744950262946013
1.0,1.0,1.0,0.3592833955495953,-1.0,-0.6338068660787842,3.860516908990437
-1.0,0.01171309773444687,-0.12575678418971964,-0.020554346298081838,1.0,0.42708136526283824,3.523536759048387
0.13780742320874928,-0.030551160938899313,0.5404684272974526,-1.0,0.8270467898588741,0.5592307784663548,0.4956679847811293
1.0,0.1698599518798516,-0.05293900058674006,1.0,0.6123745742647335,0.05724090406884896,-2.9086438401105257
-0.6601200952213986,-0.3737907362105456,-0.4827330242320167,0.1542460639239209,-0.8541810147951513,-0.11058234570822867,-1.2797533998106287
-0.044002271186647235,-0.5168546473232493,0.12204337378772931,0.4580388584415848,-1.0,-0.3358327757831531,0.7228734724288325
0.012725126018885369,0.5927675732188558,0.8703672691816889,0.5099662574845547,0.582240387971755,-0.7544719115060332,1.0830776530480541
0.9787605578940599,1.0,0.4408405009109514,-0.3565880694874284,1.0,-0.4206259759129406,-1.6557952965839702
-0.9188559550476403,0.060934296908893515,-1.0,-1.0,1.0,1.0,8.832938683854938
0.12348159244435045,-0.2751884642324408,1.0,-0.3482357378269351,-0.7818345112694374,1.0,-1.6583748333423185
1.0,1.0,0.5143483925842888,-0.4316882376921579,-0.30158885677346614,-0.4494352308908087,0.9298103574903445
-1.0,-0.8482426932778033,-0.3899383666052343,-0.43981733312366444,-1.0,-0.4035972342631854,-0.6096485972621786
0.9144242313302737,-0.6232272268627326,0.6054287545546209,0.04157210568670533,0.20038269390029484,0.19183095894788194,-0.032947796216659386
0.5520714845683001,1.0,0.9059369063236558,1.0,0.8415490469186317,-1.0,-4.055096503909452
-0.31547956839951063,-0.08839056141576473,-1.0,-0.6450434351382046,0.2628899846156284,1.0,6.875933643907674
-0.2562589262037299,0.11618933418441468,-1.0,-1.0,-0.9524807236207177,0.011995615118309821,-0.34548188952510983
-0.5360035979454965,-1.0,-1.0,-0.3212882800127067,0.0014150685973058907,0.5884749182350851,-1.7546808170306256
0.8315817818316458,1.0,1.0,1.0,1.0,0.16976300697292013,-7.963310944134469
-0.24448388258795192,0.6672723650266389,-1.0,0.0976311153549102,-0.18233774576240547,-0.6294776419016447,1.7722519055956647
-0.08842918355853047,-0.04938400929489384,-1.0,-0.028425942713891983,0.10838018215362666,-1.0,2.7533152839730652
1.0,0.5047285928077603,1.0,0.048601244928271115,-0.9090403609138602,-0.7493083872008909,5.939401386649577
-0.13378635619278023,-0.2103680131185206,-1.0,0.23069703080410353,-0.3600603060440616,0.40920188247889927,0.2020156933743259
-0.007643145591937017,-1.0,0.2780327702728541,-0.16249560880833933,0.6901461414903778,1.0,1.740572566500721
-0.5680671819933849,-0.033345066322342964,-0.5360532667244788,-1.0,-0.14805345531938885,-1.0,2.287093281371103
1.0,-0.13807875554241045,0.8935300338736557,1.0,-0.20261789972854855,0.3854614753583493,-0.7129292128888687
-0.8279599226860299,-1.0,-1.0,-1.0,1.0,-0.9846513749821517,2.0325327548828547
-0.053778608183839394,-1.0,-1.0,-0.10405921580879007,1.0,0.24739582374075164,-4.311399708662581
-1.0,-0.1486864072288988,-0.546195159709139,-1.0,0.3246398058530898,-0.946983189224468,3.9679983152380953
-1.0,-1.0,-1.0,-1.0,0.3247922402628833,-0.3452991168502278,-7.24456239126754
1.0,0.7015437181907427,1.0,1.0,-0.6463240320241957,-0.5890546121775153,4.639297568062159
-1.0,-0.6201433345516547,-1.0,-1.0,1.0,-0.4456439577316965,-1.6395650441559806
0.972688080971224,1.0,0.4958881393986436,1.0,0.6250790759776975,1.0,-2.292652065860378
-1.0,0.9087817940431215,-0.2765199416344635,-0.6063924891103476,-0.04131234068776246,-0.5282987970027697,0.08206343526800175
0.8159390472073782,0.1312305951690217,0.533035984697749,0.9453027656595732,1.0,1.0,-0.3151485465196465
-1.0,-0.8990273940130041,0.037826537101303404,0.44636278363660215,0.46867857157147763,0.9401187171372649,2.551679702499062
-0.3685094143758847,-0.8402396457139767,-0.8323109149486614,-0.5882540964203649,-0.42288132629392905,-1.0,2.1462688222420256
0.7470276225874601,1.0,-0.2755390599439223,0.31577779426885244,0.8406920082693194,-0.056407096059762685,-0.3810799149893668
0.5978766508175737,0.2987738511008579,-0.1951799984519682,-1.0,-0.09923851263221284,-1.0,2.0035191412454396
0.13081270989688254,0.4271014597473579,-0.24848487955029236,1.0,0.7431128362780619,0.18171779044171538,0.21297306249201922
-0.8581129114594721,-0.6198712400942219,0.37303423333192454,0.43207918968686077,-0.5686891290506741,-0.23467625767618616,-0.09784455594490338
-1.0,-0.33768545997122335,-1.0,-0.21842382059296295,-0.7176832016823226,0.8861270620956153,3.128589360985162
0.4757802838329026,0.667739132377162,0.3685651230279128,1.0,0.522731209522358,1.0,0.4397223715395413
1.0,0.570380638197749,0.4491696487589454,0.3180599822765493,-1.0,0.24401381740370068,2.938233708798338
0.649581371229082,-0.7576430682985197,-1.0,1.0,-0.2534371802508237,0.8771153201393616,4.15967032785025
0.5518632119659311,1.0,1.0,1.0,0.19443959726598026,0.4294511962852744,-5.899361502001602
-0.9077726247327456,-0.7937569912705047,-1.0,-0.9234681641805524,-0.08903762515379476,-0.8191564621768055,2.290091775867465
0.8225966917770893,0.32452583646990085,1.0,0.24121483657610443,-1.0,-0.9934186635128075,5.617038654049574
